{
  "result": "200 OK",
  "claimData": {
    "claim": {
      "claimNumber": "000178336020",
      "claimId": "492711D6E443AB16",
      "claimStatus": "Open",
      "claimOpenedDate": "2016-12-22 09:19:35.0",
      "lossId": "C7163E1B52675846",
      "lossStateCode": "46",
      "lossState": "Washington",
      "lossStreet": null,
      "lossAddress": null,
      "lossCity": "Seattle",
      "lossZip": null,
      "lossReportedDate": "2016-12-22 09:19:35.0",
      "vehicleLocationCode": "08",
      "vehicleLocation": "Other",
      "lossDescription": null,
      "peril": null,
      "subPeril": null,
      "lossTypeCode": "02",
      "lossType": "Contact with other vehicle/property/other party",
      "lossTime": "21:00:00 UTC",
      "lossDate": "2014-06-08 00:00:00.0",
      "lossDetailTypeCode": "17",
      "lossDetailType": "Making a turn",
      "lossCounty": "53033",
      "lossCountyDescription": "King",
      "lossISOCountry": "8A",
      "lossPhantomVehicleInd": "N",
      "reportedToAuthorities": null,
      "catastropheCategoryInd": "N",
      "hitAndRunInd": "Y",
      "reportedByCode": "1",
      "reportedBy": "Insured",
      "lineOfBusinessCode": "LB01",
      "lineOfBusiness": "Auto - Personal",
      "goodHandsInd": "N",
      "policyId": "33D09282F214D797",
      "claimSensitivity": "Standard",
      "org": {
        "orgEntityID": "4D9003F46C854F65",
        "orgFirstNameUC": null,
        "orgLastNameUC": null,
        "corporateNameUC": "OREGON CASUALTY",
        "ntid": null,
        "performerInd": null
      },
      "csa": {
        "orgEntityID": "A0344F48F35F447C",
        "orgFirstNameUC": null,
        "orgLastNameUC": null,
        "corporateNameUC": "NORTHWEST",
        "ntid": null,
        "performerInd": null
      },
      "inputType": "ICL",
      "inputTypeDescription": "Inbound Call",
      "rideShareClaimCd": null
    },
    "asset": [
      {
        "itemId": "222BBF7135724CFA",
        "type": "V",
        "assetTypeCode": "02",
        "assetTypeDescription": "Pick Up Truck",
        "passengerInjuredInd": null,
        "itemDamagedInd": "Y",
        "estDamageInd": null,
        "passengerCount": null,
        "passengerCountCode": null,
        "subjectOfInsurance": "Y",
        "vehicle": {
          "make": "FORDT",
          "model": "FORDT",
          "year": "1987",
          "vin": "2FTJW3514HCA84737",
          "licensePlateState": null,
          "licensePlate": null,
          "color": null,
          "body": null,
          "odometer": {
            "count": null,
            "unit": "Miles"
          }
        },
        "itemSite": {
          "location": {
            "streetAddress": "424 LK OF THE HILL LOOP R",
            "city": "SEQUIM",
            "state": "WA",
            "zipcode": "98382-4721",
            "county": "53009",
            "country": null,
            "phone": null,
            "siteDescription": null,
            "extraAddress": null,
            "inAccurateAddress": "N",
            "poBox": null,
            "building": null,
            "apartmentNumber": null,
            "aptOrSuite": null
          },
          "ruleRouteNumber": null,
          "constructionYear": "0",
          "legalAddress": null,
          "roofCode": null,
          "roofCodeDesc": null,
          "exteriorWallTypeCode": null,
          "exteriorWallTypeDesc": null,
          "roofTypeCode": null,
          "roofTypeDesc": null,
          "roofInstallYear": null
        },
        "damages": {
          "damageId": "C782FC570E343B11",
          "priorDamageInd": null,
          "priorDamagesDesc": null,
          "totalLossInd": "N",
          "glassDamageInd": "N",
          "fluidLeakInd": "N",
          "rollOverInd": "N",
          "doorsOpenInd": "Y",
          "additionalDamageDesc": null,
          "itemUsableIndicator": "Y",
          "rscEquipUSDIndicator": "N",
          "towSceneRemovalIndicator": "N",
          "repairStatusCode": null,
          "repairStatusDesc": null,
          "calculatedDamageScoreCode": "02",
          "calculatedDamageScoreDescription": "Moderate",
          "totalLossScore": "5",
          "front": [
            "Bumper",
            "Grille",
            "Headlight-Driver Side",
            "Hood"
          ]
        },
        "other": {
          "itemId": null,
          "itemCode": null,
          "modelYear": null,
          "make": null,
          "model": null,
          "vin": null,
          "serialNumber": null,
          "length": null,
          "colorCode": null,
          "licensePlate": null,
          "licensePlateState": null
        },
        "trailer": {
          "make": null,
          "model": null,
          "year": null,
          "vin": null,
          "originalCost": null,
          "originalCurrency": null,
          "purchaseYear": null,
          "purchaseNew": null,
          "lengthCnt": null
        },
        "watercraft": {
          "year": null,
          "make": null,
          "model": null,
          "vin": null,
          "compositionCode": null,
          "compositionCodeDescription": null,
          "typeCode": null,
          "typeCodeDescription": null,
          "colorCode": null,
          "colorCodeDescription": null,
          "propulsionCode": null,
          "lengthCnt": null,
          "originalCostAmount": null,
          "currencyCode": null,
          "purchaseYear": null,
          "purchasedNewIndicator": null,
          "horsepowerNumber": null,
          "ownershipCode": null,
          "usageCode": null,
          "lrsWatercraftTypeCode": null,
          "insuredIndicator": null
        },
        "participants": [
          {
            "legacyInvolvedId": "01",
            "roles": [
              {
                "code": "PIN",
                "description": "Insured"
              },
              {
                "code": "DRVR",
                "description": "Driver"
              },
              {
                "code": "OWNR",
                "description": "Owner"
              }
            ]
          }
        ]
      },
      {
        "itemId": "079EBDF6163DC583",
        "type": "V",
        "assetTypeCode": "01",
        "assetTypeDescription": "Auto",
        "passengerInjuredInd": null,
        "itemDamagedInd": "Y",
        "estDamageInd": null,
        "passengerCount": null,
        "passengerCountCode": null,
        "subjectOfInsurance": "N",
        "vehicle": {
          "make": "MERCURY",
          "model": "MARQUIS",
          "year": "1997",
          "vin": null,
          "licensePlateState": "WA",
          "licensePlate": null,
          "color": null,
          "body": null,
          "odometer": {
            "count": null,
            "unit": "Miles"
          }
        },
        "itemSite": {
          "location": {
            "streetAddress": null,
            "city": null,
            "state": null,
            "zipcode": null,
            "county": null,
            "country": null,
            "phone": null,
            "siteDescription": null,
            "extraAddress": null,
            "inAccurateAddress": null,
            "poBox": null,
            "building": null,
            "apartmentNumber": null,
            "aptOrSuite": null
          },
          "ruleRouteNumber": null,
          "constructionYear": null,
          "legalAddress": null,
          "roofCode": null,
          "roofCodeDesc": null,
          "exteriorWallTypeCode": null,
          "exteriorWallTypeDesc": null,
          "roofTypeCode": null,
          "roofTypeDesc": null,
          "roofInstallYear": null
        },
        "damages": {
          "damageId": "1817DEBA1A2C7323",
          "priorDamageInd": null,
          "priorDamagesDesc": null,
          "totalLossInd": "N",
          "glassDamageInd": "N",
          "fluidLeakInd": "N",
          "rollOverInd": "N",
          "doorsOpenInd": "Y",
          "additionalDamageDesc": null,
          "itemUsableIndicator": "Y",
          "rscEquipUSDIndicator": "N",
          "towSceneRemovalIndicator": "N",
          "repairStatusCode": null,
          "repairStatusDesc": null,
          "calculatedDamageScoreCode": "02",
          "calculatedDamageScoreDescription": "Moderate",
          "totalLossScore": "5",
          "front": [
            "Bumper",
            "Grille",
            "Headlight-Driver Side",
            "Hood"
          ]
        },
        "other": {
          "itemId": null,
          "itemCode": null,
          "modelYear": null,
          "make": null,
          "model": null,
          "vin": null,
          "serialNumber": null,
          "length": null,
          "colorCode": null,
          "licensePlate": null,
          "licensePlateState": null
        },
        "trailer": {
          "make": null,
          "model": null,
          "year": null,
          "vin": null,
          "originalCost": null,
          "originalCurrency": null,
          "purchaseYear": null,
          "purchaseNew": null,
          "lengthCnt": null
        },
        "watercraft": {
          "year": null,
          "make": null,
          "model": null,
          "vin": null,
          "compositionCode": null,
          "compositionCodeDescription": null,
          "typeCode": null,
          "typeCodeDescription": null,
          "colorCode": null,
          "colorCodeDescription": null,
          "propulsionCode": null,
          "lengthCnt": null,
          "originalCostAmount": null,
          "currencyCode": null,
          "purchaseYear": null,
          "purchasedNewIndicator": null,
          "horsepowerNumber": null,
          "ownershipCode": null,
          "usageCode": null,
          "lrsWatercraftTypeCode": null,
          "insuredIndicator": null
        },
        "participants": [
          {
            "legacyInvolvedId": "02",
            "roles": [
              {
                "code": "OWNR",
                "description": "Owner"
              },
              {
                "code": "DRVR",
                "description": "Driver"
              },
              {
                "code": "CMT",
                "description": "Claimant"
              }
            ]
          }
        ]
      }
    ],
    "participants": [
      {
        "legacyInvolvedId": "01",
        "insInvolvementId": "0D85F4DA5DA38EEF",
        "rptTaxId": null,
        "emailPrefInd": null,
        "reportedDateOfBirth": "1945-12-31 00:00:00.0",
        "reportedGender": "F",
        "client": {
          "icsPartyId": "064008500000015",
          "hrmPartyId": "064008500000015",
          "taxID": "438137672",
          "taxIdIndicator": "N",
          "firstName": "KATHERINE",
          "middleName": "M",
          "lastName": "BROWN",
          "organizationName": null,
          "dateOfBirth": "1945-12-31 00:00:00.0",
          "gender": "F",
          "phoneNumber": "2185144232",
          "emailAddress": "LRAGYE@test.com",
          "streetAddress": "424 LAKE OF THE HILLS LOOP",
          "streetAddressLine2": null,
          "city": "SEQUIM",
          "state": "WA",
          "zip": "983824721",
          "beginDate": "1993-03-29 00:00:00.0",
          "driversLicenseNumber": null,
          "prefLanguageCode": "FR",
          "prefLanguageDescription": "French",
          "medicalprovider": []
        },
        "line": [
          {
            "lineId": "35868928BBCBBBB1",
            "handlingStatus": "Open",
            "lineType": "Property Damage Liability",
            "lineTypeCode": "NBB21",
            "lineCategory": null,
            "lineCategoryDescription": null,
            "financialStatus": "Open",
            "legacyCoverageCode": "BB",
            "coverageHandlingCode": null,
            "coverageHandlingDescription": null,
            "pariticipantId": "0D85F4DA5DA38EEF",
            "claimantRoleId": "B97FC52BC0736193",
            "medicalEligibleInd": null,
            "eligibleInjuredPartyInd": null,
            "ormIndicator": null,
            "subrogation": {
              "subroInd": null,
              "subroStatusCode": null,
              "subroStatusDescription": null,
              "salvageStatusCode": null,
              "salvageStatusDescription": null
            },
            "siuStatus": {
              "siuStatusCode": null,
              "siuStatusDescription": null
            }
          },
          {
            "lineId": "85A1C662C4406255",
            "handlingStatus": "Open",
            "lineType": "Comprehensive (Full)",
            "lineTypeCode": "NHH21",
            "lineCategory": null,
            "lineCategoryDescription": null,
            "financialStatus": "Open",
            "legacyCoverageCode": "HH",
            "coverageHandlingCode": null,
            "coverageHandlingDescription": null,
            "pariticipantId": "0D85F4DA5DA38EEF",
            "claimantRoleId": "B97FC52BC0736193",
            "medicalEligibleInd": null,
            "eligibleInjuredPartyInd": null,
            "ormIndicator": null,
            "subrogation": {
              "subroInd": null,
              "subroStatusCode": null,
              "subroStatusDescription": null,
              "salvageStatusCode": null,
              "salvageStatusDescription": null
            },
            "siuStatus": {
              "siuStatusCode": null,
              "siuStatusDescription": null
            }
          },
          {
            "lineId": "6BA80C5F1FB9EE0A",
            "handlingStatus": "Open",
            "lineType": "Property Damage Liability",
            "lineTypeCode": "NBB21",
            "lineCategory": null,
            "lineCategoryDescription": null,
            "financialStatus": "Open",
            "legacyCoverageCode": "BB",
            "coverageHandlingCode": null,
            "coverageHandlingDescription": null,
            "pariticipantId": "0D85F4DA5DA38EEF",
            "claimantRoleId": "B97FC52BC0736193",
            "medicalEligibleInd": null,
            "eligibleInjuredPartyInd": null,
            "ormIndicator": null,
            "subrogation": {
              "subroInd": null,
              "subroStatusCode": null,
              "subroStatusDescription": null,
              "salvageStatusCode": null,
              "salvageStatusDescription": null
            },
            "siuStatus": {
              "siuStatusCode": null,
              "siuStatusDescription": null
            }
          },
          {
            "lineId": "94BDD2D2F4A55A69",
            "handlingStatus": "Open",
            "lineType": "Bodily Injury Liability",
            "lineTypeCode": "NAA21",
            "lineCategory": null,
            "lineCategoryDescription": null,
            "financialStatus": "Open",
            "legacyCoverageCode": "AA",
            "coverageHandlingCode": null,
            "coverageHandlingDescription": null,
            "pariticipantId": "0D85F4DA5DA38EEF",
            "claimantRoleId": "B97FC52BC0736193",
            "medicalEligibleInd": null,
            "eligibleInjuredPartyInd": null,
            "ormIndicator": null,
            "subrogation": {
              "subroInd": null,
              "subroStatusCode": null,
              "subroStatusDescription": null,
              "salvageStatusCode": null,
              "salvageStatusDescription": null
            },
            "siuStatus": {
              "siuStatusCode": null,
              "siuStatusDescription": null
            }
          },
          {
            "lineId": "37195E38F85A4403",
            "handlingStatus": "Open",
            "lineType": "Underinsured Motorist Property Damage",
            "lineTypeCode": "NSP21",
            "lineCategory": null,
            "lineCategoryDescription": null,
            "financialStatus": "Open",
            "legacyCoverageCode": "SP",
            "coverageHandlingCode": null,
            "coverageHandlingDescription": null,
            "pariticipantId": "0D85F4DA5DA38EEF",
            "claimantRoleId": "B97FC52BC0736193",
            "medicalEligibleInd": null,
            "eligibleInjuredPartyInd": null,
            "ormIndicator": null,
            "subrogation": {
              "subroInd": null,
              "subroStatusCode": null,
              "subroStatusDescription": null,
              "salvageStatusCode": null,
              "salvageStatusDescription": null
            },
            "siuStatus": {
              "siuStatusCode": null,
              "siuStatusDescription": null
            }
          },
          {
            "lineId": "D2679B951F67BDEF",
            "handlingStatus": "Open",
            "lineType": "Collision",
            "lineTypeCode": "NDD21",
            "lineCategory": null,
            "lineCategoryDescription": null,
            "financialStatus": "Open",
            "legacyCoverageCode": "DD",
            "coverageHandlingCode": "UL",
            "coverageHandlingDescription": "Unclear Liability",
            "pariticipantId": "0D85F4DA5DA38EEF",
            "claimantRoleId": "B97FC52BC0736193",
            "medicalEligibleInd": null,
            "eligibleInjuredPartyInd": null,
            "ormIndicator": null,
            "subrogation": {
              "subroInd": "Y",
              "subroStatusCode": "P",
              "subroStatusDescription": "Potential",
              "salvageStatusCode": null,
              "salvageStatusDescription": null
            },
            "siuStatus": {
              "siuStatusCode": null,
              "siuStatusDescription": null
            }
          },
          {
            "lineId": "F2ED7809CF2EAF5D",
            "handlingStatus": "Open",
            "lineType": "Uninsured Motorists - Property Damage",
            "lineTypeCode": "NSD21",
            "lineCategory": null,
            "lineCategoryDescription": null,
            "financialStatus": "Closed",
            "legacyCoverageCode": "SD",
            "coverageHandlingCode": "UL",
            "coverageHandlingDescription": "Unclear Liability",
            "pariticipantId": "0D85F4DA5DA38EEF",
            "claimantRoleId": "B97FC52BC0736193",
            "medicalEligibleInd": null,
            "eligibleInjuredPartyInd": null,
            "ormIndicator": null,
            "subrogation": {
              "subroInd": null,
              "subroStatusCode": null,
              "subroStatusDescription": null,
              "salvageStatusCode": null,
              "salvageStatusDescription": null
            },
            "siuStatus": {
              "siuStatusCode": null,
              "siuStatusDescription": null
            }
          }
        ],
        "involvementRole": [
          {
            "insInvolvedId": "0D85F4DA5DA38EEF",
            "involvementRole": "PIN",
            "involvementRoleDescription": "Insured",
            "involvementRoleAssociations": []
          },
          {
            "insInvolvedId": "0D85F4DA5DA38EEF",
            "involvementRole": "DRVR",
            "involvementRoleDescription": "Driver",
            "involvementRoleAssociations": []
          },
          {
            "insInvolvedId": "0D85F4DA5DA38EEF",
            "involvementRole": "OWNR",
            "involvementRoleDescription": "Owner",
            "involvementRoleAssociations": []
          }
        ],
        "liabilities": [
          {
            "liabilityAffectedParty": "3CD4DF5C429B83B3",
            "liabilityStatusCode": "01",
            "liabilityStatusDesc": "Open",
            "liabilityRangeBeginPercent": "30",
            "liabilityRangeEndPercent": "40",
            "finalLiabilityPercentage": null
          }
        ],
        "deceasedCd": null,
        "dateOfDeath": null,
        "citations": []
      },
      {
        "legacyInvolvedId": "02",
        "insInvolvementId": "3CD4DF5C429B83B3",
        "rptTaxId": null,
        "emailPrefInd": null,
        "reportedDateOfBirth": null,
        "reportedGender": null,
        "client": {
          "icsPartyId": null,
          "hrmPartyId": "033970412000013",
          "taxID": null,
          "taxIdIndicator": "N",
          "firstName": "JOHN",
          "middleName": null,
          "lastName": "BAILS",
          "organizationName": null,
          "dateOfBirth": null,
          "gender": null,
          "phoneNumber": "2926824423",
          "emailAddress": "SYJIHE@test.com",
          "streetAddress": "2675 SANDERS RD",
          "streetAddressLine2": null,
          "city": "SEATTLE",
          "state": "WA",
          "zip": "60015",
          "beginDate": "2007-03-08 00:00:00.0",
          "driversLicenseNumber": null,
          "prefLanguageCode": "DE",
          "prefLanguageDescription": "German",
          "medicalprovider": []
        },
        "line": [
          {
            "lineId": "527D73FB89EA9B0B",
            "handlingStatus": "Open",
            "lineType": "Property Damage Liability",
            "lineTypeCode": "NBB21",
            "lineCategory": null,
            "lineCategoryDescription": null,
            "financialStatus": "Open",
            "legacyCoverageCode": "BB",
            "coverageHandlingCode": "UL",
            "coverageHandlingDescription": "Unclear Liability",
            "pariticipantId": "3CD4DF5C429B83B3",
            "claimantRoleId": "A7A35F020375BA1F",
            "medicalEligibleInd": null,
            "eligibleInjuredPartyInd": null,
            "ormIndicator": null,
            "subrogation": {
              "subroInd": null,
              "subroStatusCode": null,
              "subroStatusDescription": null,
              "salvageStatusCode": null,
              "salvageStatusDescription": null
            },
            "siuStatus": {
              "siuStatusCode": null,
              "siuStatusDescription": null
            }
          },
          {
            "lineId": "858BB216D62E6B0D",
            "handlingStatus": "Open",
            "lineType": "Collision",
            "lineTypeCode": "NDD21",
            "lineCategory": null,
            "lineCategoryDescription": null,
            "financialStatus": "Open",
            "legacyCoverageCode": "DD",
            "coverageHandlingCode": "UL",
            "coverageHandlingDescription": "Unclear Liability",
            "pariticipantId": "3CD4DF5C429B83B3",
            "claimantRoleId": "A7A35F020375BA1F",
            "medicalEligibleInd": null,
            "eligibleInjuredPartyInd": null,
            "ormIndicator": null,
            "subrogation": {
              "subroInd": null,
              "subroStatusCode": null,
              "subroStatusDescription": null,
              "salvageStatusCode": null,
              "salvageStatusDescription": null
            },
            "siuStatus": {
              "siuStatusCode": null,
              "siuStatusDescription": null
            }
          }
        ],
        "involvementRole": [
          {
            "insInvolvedId": "3CD4DF5C429B83B3",
            "involvementRole": "DRVR",
            "involvementRoleDescription": "Driver",
            "involvementRoleAssociations": []
          },
          {
            "insInvolvedId": "3CD4DF5C429B83B3",
            "involvementRole": "CMT",
            "involvementRoleDescription": "Claimant",
            "involvementRoleAssociations": []
          },
          {
            "insInvolvedId": "3CD4DF5C429B83B3",
            "involvementRole": "OWNR",
            "involvementRoleDescription": "Owner",
            "involvementRoleAssociations": []
          }
        ],
        "liabilities": [
          {
            "liabilityAffectedParty": "0D85F4DA5DA38EEF",
            "liabilityStatusCode": "01",
            "liabilityStatusDesc": "Open",
            "liabilityRangeBeginPercent": "12",
            "liabilityRangeEndPercent": "20",
            "finalLiabilityPercentage": null
          }
        ],
        "deceasedCd": null,
        "dateOfDeath": null,
        "citations": []
      }
    ]
  }
}