{
  "result": "200 OK",
  "claimData": {
    "claim": {
      "claimNumber": "000178673711",
      "claimId": "D08665B1651AFE10",
      "claimStatus": "Open",
      "claimOpenedDate": "2017-11-15 09:38:54.0",
      "lossId": "E3DF2F06DC76279F",
      "lossStateCode": "29",
      "lossState": "New Jersey",
      "lossStreet": null,
      "lossAddress": null,
      "lossCity": "Hewit",
      "lossZip": null,
      "lossReportedDate": "2017-11-15 09:38:54.0",
      "vehicleLocationCode": "08",
      "vehicleLocation": "Other",
      "lossDescription": null,
      "peril": null,
      "subPeril": null,
      "lossTypeCode": "02",
      "lossType": "Contact with other vehicle/property/other party",
      "lossTime": "03:00:00 UTC",
      "lossDate": "2016-03-27 00:00:00.0",
      "lossDetailTypeCode": "07",
      "lossDetailType": "Intersection accident",
      "lossCounty": "34031",
      "lossCountyDescription": "Passaic",
      "lossISOCountry": "8A",
      "lossPhantomVehicleInd": "N",
      "reportedToAuthorities": null,
      "catastropheCategoryInd": "N",
      "hitAndRunInd": "N",
      "reportedByCode": "2",
      "reportedBy": "Claimant",
      "lineOfBusinessCode": "LB01",
      "lineOfBusiness": "Auto - Personal",
      "goodHandsInd": "N",
      "policyId": "FE9A0F9C4606A29C",
      "claimSensitivity": "Standard",
      "org": {
        "orgEntityID": "4B90C94FB1F247CF",
        "orgFirstNameUC": null,
        "orgLastNameUC": null,
        "corporateNameUC": "BURLINGTON",
        "ntid": null,
        "performerInd": null
      },
      "csa": {
        "orgEntityID": "610BC5242D9A47F7",
        "orgFirstNameUC": null,
        "orgLastNameUC": null,
        "corporateNameUC": "NEW JERSEY",
        "ntid": null,
        "performerInd": null
      },
      "inputType": "ICL",
      "inputTypeDescription": "Inbound Call",
      "rideShareClaimCd": null
    },
    "asset": [
      {
        "itemId": "5EE6E27F1B7BC4DA",
        "type": "V",
        "assetTypeCode": "01",
        "assetTypeDescription": "Auto",
        "passengerInjuredInd": null,
        "itemDamagedInd": "Y",
        "estDamageInd": null,
        "passengerCount": null,
        "passengerCountCode": null,
        "subjectOfInsurance": "N",
        "vehicle": {
          "make": "NISSAN",
          "model": "ALTIMA",
          "year": "2016",
          "vin": null,
          "licensePlateState": null,
          "licensePlate": null,
          "color": null,
          "body": null,
          "odometer": {
            "count": null,
            "unit": null
          }
        },
        "itemSite": {
          "location": {
            "streetAddress": null,
            "city": null,
            "state": null,
            "zipcode": null,
            "county": null,
            "country": null,
            "phone": null,
            "siteDescription": null,
            "extraAddress": null,
            "inAccurateAddress": null,
            "poBox": null,
            "building": null,
            "apartmentNumber": null,
            "aptOrSuite": null
          },
          "ruleRouteNumber": null,
          "constructionYear": null,
          "legalAddress": null,
          "roofCode": null,
          "roofCodeDesc": null,
          "exteriorWallTypeCode": null,
          "exteriorWallTypeDesc": null,
          "roofTypeCode": null,
          "roofTypeDesc": null,
          "roofInstallYear": null
        },
        "damages": {
          "damageId": "DEFC5C9E9F8A3BEC",
          "priorDamageInd": null,
          "priorDamagesDesc": null,
          "totalLossInd": "N",
          "glassDamageInd": "N",
          "fluidLeakInd": "N",
          "rollOverInd": "N",
          "doorsOpenInd": "Y",
          "additionalDamageDesc": null,
          "itemUsableIndicator": "Y",
          "rscEquipUSDIndicator": "N",
          "towSceneRemovalIndicator": "N",
          "repairStatusCode": null,
          "repairStatusDesc": null,
          "calculatedDamageScoreCode": "01",
          "calculatedDamageScoreDescription": "Minor",
          "totalLossScore": "3",
          "front": [
            "Bumper",
            "Grille",
            "Headlight-Driver Side"
          ]
        },
        "other": {
          "itemId": null,
          "itemCode": null,
          "modelYear": null,
          "make": null,
          "model": null,
          "vin": null,
          "serialNumber": null,
          "length": null,
          "colorCode": null,
          "licensePlate": null,
          "licensePlateState": null
        },
        "trailer": {
          "make": null,
          "model": null,
          "year": null,
          "vin": null,
          "originalCost": null,
          "originalCurrency": null,
          "purchaseYear": null,
          "purchaseNew": null,
          "lengthCnt": null
        },
        "watercraft": {
          "year": null,
          "make": null,
          "model": null,
          "vin": null,
          "compositionCode": null,
          "compositionCodeDescription": null,
          "typeCode": null,
          "typeCodeDescription": null,
          "colorCode": null,
          "colorCodeDescription": null,
          "propulsionCode": null,
          "lengthCnt": null,
          "originalCostAmount": null,
          "currencyCode": null,
          "purchaseYear": null,
          "purchasedNewIndicator": null,
          "horsepowerNumber": null,
          "ownershipCode": null,
          "usageCode": null,
          "lrsWatercraftTypeCode": null,
          "insuredIndicator": null
        },
        "participants": [
          {
            "legacyInvolvedId": "05",
            "roles": [
              {
                "code": "OWNR",
                "description": "Owner"
              },
              {
                "code": "DRVR",
                "description": "Driver"
              }
            ]
          }
        ]
      },
      {
        "itemId": "44E2D9186782762F",
        "type": "V",
        "assetTypeCode": "01",
        "assetTypeDescription": "Auto",
        "passengerInjuredInd": null,
        "itemDamagedInd": "Y",
        "estDamageInd": null,
        "passengerCount": null,
        "passengerCountCode": null,
        "subjectOfInsurance": "N",
        "vehicle": {
          "make": "ACURA",
          "model": "INTEGRA",
          "year": "2000",
          "vin": null,
          "licensePlateState": "CO",
          "licensePlate": null,
          "color": "Aqua",
          "body": "2 Doors",
          "odometer": {
            "count": "0",
            "unit": null
          }
        },
        "itemSite": {
          "location": {
            "streetAddress": null,
            "city": null,
            "state": null,
            "zipcode": null,
            "county": null,
            "country": null,
            "phone": null,
            "siteDescription": null,
            "extraAddress": null,
            "inAccurateAddress": null,
            "poBox": null,
            "building": null,
            "apartmentNumber": null,
            "aptOrSuite": null
          },
          "ruleRouteNumber": null,
          "constructionYear": null,
          "legalAddress": null,
          "roofCode": null,
          "roofCodeDesc": null,
          "exteriorWallTypeCode": null,
          "exteriorWallTypeDesc": null,
          "roofTypeCode": null,
          "roofTypeDesc": null,
          "roofInstallYear": null
        },
        "damages": {
          "damageId": "9E67ED61EB10E738",
          "priorDamageInd": null,
          "priorDamagesDesc": null,
          "totalLossInd": "N",
          "glassDamageInd": null,
          "fluidLeakInd": null,
          "rollOverInd": null,
          "doorsOpenInd": null,
          "additionalDamageDesc": null,
          "itemUsableIndicator": null,
          "rscEquipUSDIndicator": null,
          "towSceneRemovalIndicator": null,
          "repairStatusCode": null,
          "repairStatusDesc": null,
          "calculatedDamageScoreCode": null,
          "calculatedDamageScoreDescription": null,
          "totalLossScore": "0"
        },
        "other": {
          "itemId": null,
          "itemCode": null,
          "modelYear": null,
          "make": null,
          "model": null,
          "vin": null,
          "serialNumber": null,
          "length": null,
          "colorCode": null,
          "licensePlate": null,
          "licensePlateState": null
        },
        "trailer": {
          "make": null,
          "model": null,
          "year": null,
          "vin": null,
          "originalCost": null,
          "originalCurrency": null,
          "purchaseYear": null,
          "purchaseNew": null,
          "lengthCnt": null
        },
        "watercraft": {
          "year": null,
          "make": null,
          "model": null,
          "vin": null,
          "compositionCode": null,
          "compositionCodeDescription": null,
          "typeCode": null,
          "typeCodeDescription": null,
          "colorCode": null,
          "colorCodeDescription": null,
          "propulsionCode": null,
          "lengthCnt": null,
          "originalCostAmount": null,
          "currencyCode": null,
          "purchaseYear": null,
          "purchasedNewIndicator": null,
          "horsepowerNumber": null,
          "ownershipCode": null,
          "usageCode": null,
          "lrsWatercraftTypeCode": null,
          "insuredIndicator": null
        },
        "participants": [
          {
            "legacyInvolvedId": "08",
            "roles": [
              {
                "code": "CMT",
                "description": "Claimant"
              },
              {
                "code": "OWNR",
                "description": "Owner"
              },
              {
                "code": "DRVR",
                "description": "Driver"
              }
            ]
          }
        ]
      },
      {
        "itemId": "F78EBD214E71F75A",
        "type": "V",
        "assetTypeCode": "01",
        "assetTypeDescription": "Auto",
        "passengerInjuredInd": null,
        "itemDamagedInd": "Y",
        "estDamageInd": null,
        "passengerCount": null,
        "passengerCountCode": null,
        "subjectOfInsurance": "N",
        "vehicle": {
          "make": "ACURA",
          "model": "MDX",
          "year": "2015",
          "vin": null,
          "licensePlateState": null,
          "licensePlate": null,
          "color": null,
          "body": null,
          "odometer": {
            "count": null,
            "unit": null
          }
        },
        "itemSite": {
          "location": {
            "streetAddress": null,
            "city": null,
            "state": null,
            "zipcode": null,
            "county": null,
            "country": null,
            "phone": null,
            "siteDescription": null,
            "extraAddress": null,
            "inAccurateAddress": null,
            "poBox": null,
            "building": null,
            "apartmentNumber": null,
            "aptOrSuite": null
          },
          "ruleRouteNumber": null,
          "constructionYear": null,
          "legalAddress": null,
          "roofCode": null,
          "roofCodeDesc": null,
          "exteriorWallTypeCode": null,
          "exteriorWallTypeDesc": null,
          "roofTypeCode": null,
          "roofTypeDesc": null,
          "roofInstallYear": null
        },
        "damages": {
          "damageId": "7360A915AC75E6DE",
          "priorDamageInd": null,
          "priorDamagesDesc": null,
          "totalLossInd": "N",
          "glassDamageInd": "N",
          "fluidLeakInd": "N",
          "rollOverInd": "N",
          "doorsOpenInd": "Y",
          "additionalDamageDesc": null,
          "itemUsableIndicator": "Y",
          "rscEquipUSDIndicator": "N",
          "towSceneRemovalIndicator": "N",
          "repairStatusCode": null,
          "repairStatusDesc": null,
          "calculatedDamageScoreCode": "01",
          "calculatedDamageScoreDescription": "Minor",
          "totalLossScore": "3",
          "front": [
            "Bumper",
            "Grille",
            "Headlight-Driver Side"
          ]
        },
        "other": {
          "itemId": null,
          "itemCode": null,
          "modelYear": null,
          "make": null,
          "model": null,
          "vin": null,
          "serialNumber": null,
          "length": null,
          "colorCode": null,
          "licensePlate": null,
          "licensePlateState": null
        },
        "trailer": {
          "make": null,
          "model": null,
          "year": null,
          "vin": null,
          "originalCost": null,
          "originalCurrency": null,
          "purchaseYear": null,
          "purchaseNew": null,
          "lengthCnt": null
        },
        "watercraft": {
          "year": null,
          "make": null,
          "model": null,
          "vin": null,
          "compositionCode": null,
          "compositionCodeDescription": null,
          "typeCode": null,
          "typeCodeDescription": null,
          "colorCode": null,
          "colorCodeDescription": null,
          "propulsionCode": null,
          "lengthCnt": null,
          "originalCostAmount": null,
          "currencyCode": null,
          "purchaseYear": null,
          "purchasedNewIndicator": null,
          "horsepowerNumber": null,
          "ownershipCode": null,
          "usageCode": null,
          "lrsWatercraftTypeCode": null,
          "insuredIndicator": null
        },
        "participants": [
          {
            "legacyInvolvedId": "04",
            "roles": [
              {
                "code": "CMT",
                "description": "Claimant"
              },
              {
                "code": "DRVR",
                "description": "Driver"
              },
              {
                "code": "OWNR",
                "description": "Owner"
              }
            ]
          }
        ]
      },
      {
        "itemId": "7271E3EEA227DAAD",
        "type": "V",
        "assetTypeCode": "01",
        "assetTypeDescription": "Auto",
        "passengerInjuredInd": null,
        "itemDamagedInd": "Y",
        "estDamageInd": null,
        "passengerCount": null,
        "passengerCountCode": null,
        "subjectOfInsurance": "N",
        "vehicle": {
          "make": "HONDA",
          "model": "CIVIC",
          "year": "2009",
          "vin": "2HGFA15879H503997",
          "licensePlateState": null,
          "licensePlate": null,
          "color": null,
          "body": null,
          "odometer": {
            "count": null,
            "unit": null
          }
        },
        "itemSite": {
          "location": {
            "streetAddress": null,
            "city": null,
            "state": null,
            "zipcode": null,
            "county": null,
            "country": null,
            "phone": null,
            "siteDescription": null,
            "extraAddress": null,
            "inAccurateAddress": null,
            "poBox": null,
            "building": null,
            "apartmentNumber": null,
            "aptOrSuite": null
          },
          "ruleRouteNumber": null,
          "constructionYear": null,
          "legalAddress": null,
          "roofCode": null,
          "roofCodeDesc": null,
          "exteriorWallTypeCode": null,
          "exteriorWallTypeDesc": null,
          "roofTypeCode": null,
          "roofTypeDesc": null,
          "roofInstallYear": null
        },
        "damages": {
          "damageId": "D7A518232A773323",
          "priorDamageInd": null,
          "priorDamagesDesc": null,
          "totalLossInd": "N",
          "glassDamageInd": "Y",
          "fluidLeakInd": "N",
          "rollOverInd": "N",
          "doorsOpenInd": "N",
          "additionalDamageDesc": null,
          "itemUsableIndicator": "Y",
          "rscEquipUSDIndicator": "N",
          "towSceneRemovalIndicator": "N",
          "repairStatusCode": null,
          "repairStatusDesc": null,
          "calculatedDamageScoreCode": "03",
          "calculatedDamageScoreDescription": "Major",
          "totalLossScore": "9",
          "passengerSideExterior": [
            "Front Fender",
            "Front Door",
            "Front Door Glass",
            "Rear Door"
          ],
          "front": [
            "Bumper",
            "Windshield"
          ]
        },
        "other": {
          "itemId": null,
          "itemCode": null,
          "modelYear": null,
          "make": null,
          "model": null,
          "vin": null,
          "serialNumber": null,
          "length": null,
          "colorCode": null,
          "licensePlate": null,
          "licensePlateState": null
        },
        "trailer": {
          "make": null,
          "model": null,
          "year": null,
          "vin": null,
          "originalCost": null,
          "originalCurrency": null,
          "purchaseYear": null,
          "purchaseNew": null,
          "lengthCnt": null
        },
        "watercraft": {
          "year": null,
          "make": null,
          "model": null,
          "vin": null,
          "compositionCode": null,
          "compositionCodeDescription": null,
          "typeCode": null,
          "typeCodeDescription": null,
          "colorCode": null,
          "colorCodeDescription": null,
          "propulsionCode": null,
          "lengthCnt": null,
          "originalCostAmount": null,
          "currencyCode": null,
          "purchaseYear": null,
          "purchasedNewIndicator": null,
          "horsepowerNumber": null,
          "ownershipCode": null,
          "usageCode": null,
          "lrsWatercraftTypeCode": null,
          "insuredIndicator": null
        },
        "participants": [
          {
            "legacyInvolvedId": "07",
            "roles": [
              {
                "code": "DRVR",
                "description": "Driver"
              }
            ]
          },
          {
            "legacyInvolvedId": "01",
            "roles": [
              {
                "code": "OWNR",
                "description": "Owner"
              },
              {
                "code": "PIN",
                "description": "Insured"
              }
            ]
          }
        ]
      },
      {
        "itemId": "4DBE04122DD803EF",
        "type": "V",
        "assetTypeCode": "01",
        "assetTypeDescription": "Auto",
        "passengerInjuredInd": null,
        "itemDamagedInd": "Y",
        "estDamageInd": null,
        "passengerCount": null,
        "passengerCountCode": null,
        "subjectOfInsurance": "N",
        "vehicle": {
          "make": "ACURA",
          "model": "ILX",
          "year": "2015",
          "vin": null,
          "licensePlateState": null,
          "licensePlate": null,
          "color": null,
          "body": null,
          "odometer": {
            "count": null,
            "unit": null
          }
        },
        "itemSite": {
          "location": {
            "streetAddress": null,
            "city": null,
            "state": null,
            "zipcode": null,
            "county": null,
            "country": null,
            "phone": null,
            "siteDescription": null,
            "extraAddress": null,
            "inAccurateAddress": null,
            "poBox": null,
            "building": null,
            "apartmentNumber": null,
            "aptOrSuite": null
          },
          "ruleRouteNumber": null,
          "constructionYear": null,
          "legalAddress": null,
          "roofCode": null,
          "roofCodeDesc": null,
          "exteriorWallTypeCode": null,
          "exteriorWallTypeDesc": null,
          "roofTypeCode": null,
          "roofTypeDesc": null,
          "roofInstallYear": null
        },
        "damages": {
          "damageId": "B4A9957005A60C88",
          "priorDamageInd": null,
          "priorDamagesDesc": null,
          "totalLossInd": "N",
          "glassDamageInd": "N",
          "fluidLeakInd": "N",
          "rollOverInd": "N",
          "doorsOpenInd": "N",
          "additionalDamageDesc": null,
          "itemUsableIndicator": "Y",
          "rscEquipUSDIndicator": "N",
          "towSceneRemovalIndicator": "N",
          "repairStatusCode": null,
          "repairStatusDesc": null,
          "calculatedDamageScoreCode": "01",
          "calculatedDamageScoreDescription": "Minor",
          "totalLossScore": "4",
          "front": [
            "Bumper",
            "Grille",
            "Hood"
          ]
        },
        "other": {
          "itemId": null,
          "itemCode": null,
          "modelYear": null,
          "make": null,
          "model": null,
          "vin": null,
          "serialNumber": null,
          "length": null,
          "colorCode": null,
          "licensePlate": null,
          "licensePlateState": null
        },
        "trailer": {
          "make": null,
          "model": null,
          "year": null,
          "vin": null,
          "originalCost": null,
          "originalCurrency": null,
          "purchaseYear": null,
          "purchaseNew": null,
          "lengthCnt": null
        },
        "watercraft": {
          "year": null,
          "make": null,
          "model": null,
          "vin": null,
          "compositionCode": null,
          "compositionCodeDescription": null,
          "typeCode": null,
          "typeCodeDescription": null,
          "colorCode": null,
          "colorCodeDescription": null,
          "propulsionCode": null,
          "lengthCnt": null,
          "originalCostAmount": null,
          "currencyCode": null,
          "purchaseYear": null,
          "purchasedNewIndicator": null,
          "horsepowerNumber": null,
          "ownershipCode": null,
          "usageCode": null,
          "lrsWatercraftTypeCode": null,
          "insuredIndicator": null
        },
        "participants": [
          {
            "legacyInvolvedId": "06",
            "roles": [
              {
                "code": "CMT",
                "description": "Claimant"
              },
              {
                "code": "DRVR",
                "description": "Driver"
              },
              {
                "code": "OWNR",
                "description": "Owner"
              }
            ]
          }
        ]
      },
      {
        "itemId": "8122408E8C69D312",
        "type": "V",
        "assetTypeCode": "01",
        "assetTypeDescription": "Auto",
        "passengerInjuredInd": null,
        "itemDamagedInd": "Y",
        "estDamageInd": null,
        "passengerCount": null,
        "passengerCountCode": null,
        "subjectOfInsurance": "N",
        "vehicle": {
          "make": "CHEVROLET",
          "model": "LUMINA",
          "year": "1998",
          "vin": null,
          "licensePlateState": "NJ",
          "licensePlate": "2 B Real",
          "color": null,
          "body": null,
          "odometer": {
            "count": null,
            "unit": "Miles"
          }
        },
        "itemSite": {
          "location": {
            "streetAddress": null,
            "city": null,
            "state": null,
            "zipcode": null,
            "county": null,
            "country": null,
            "phone": null,
            "siteDescription": null,
            "extraAddress": null,
            "inAccurateAddress": null,
            "poBox": null,
            "building": null,
            "apartmentNumber": null,
            "aptOrSuite": null
          },
          "ruleRouteNumber": null,
          "constructionYear": null,
          "legalAddress": null,
          "roofCode": null,
          "roofCodeDesc": null,
          "exteriorWallTypeCode": null,
          "exteriorWallTypeDesc": null,
          "roofTypeCode": null,
          "roofTypeDesc": null,
          "roofInstallYear": null
        },
        "damages": {
          "damageId": "83709DF002483539",
          "priorDamageInd": null,
          "priorDamagesDesc": null,
          "totalLossInd": "N",
          "glassDamageInd": "Y",
          "fluidLeakInd": "N",
          "rollOverInd": "Y",
          "doorsOpenInd": "Y",
          "additionalDamageDesc": null,
          "itemUsableIndicator": "Y",
          "rscEquipUSDIndicator": "N",
          "towSceneRemovalIndicator": "N",
          "repairStatusCode": null,
          "repairStatusDesc": null,
          "calculatedDamageScoreCode": "02",
          "calculatedDamageScoreDescription": "Moderate",
          "totalLossScore": "5",
          "passengerSideExterior": [
            "Front Fender",
            "Front Door",
            "Front Door Glass",
            "Rear Door"
          ]
        },
        "other": {
          "itemId": null,
          "itemCode": null,
          "modelYear": null,
          "make": null,
          "model": null,
          "vin": null,
          "serialNumber": null,
          "length": null,
          "colorCode": null,
          "licensePlate": null,
          "licensePlateState": null
        },
        "trailer": {
          "make": null,
          "model": null,
          "year": null,
          "vin": null,
          "originalCost": null,
          "originalCurrency": null,
          "purchaseYear": null,
          "purchaseNew": null,
          "lengthCnt": null
        },
        "watercraft": {
          "year": null,
          "make": null,
          "model": null,
          "vin": null,
          "compositionCode": null,
          "compositionCodeDescription": null,
          "typeCode": null,
          "typeCodeDescription": null,
          "colorCode": null,
          "colorCodeDescription": null,
          "propulsionCode": null,
          "lengthCnt": null,
          "originalCostAmount": null,
          "currencyCode": null,
          "purchaseYear": null,
          "purchasedNewIndicator": null,
          "horsepowerNumber": null,
          "ownershipCode": null,
          "usageCode": null,
          "lrsWatercraftTypeCode": null,
          "insuredIndicator": null
        },
        "participants": [
          {
            "legacyInvolvedId": "02",
            "roles": [
              {
                "code": "CMT",
                "description": "Claimant"
              },
              {
                "code": "OWNR",
                "description": "Owner"
              },
              {
                "code": "DRVR",
                "description": "Driver"
              }
            ]
          }
        ]
      }
    ],
    "participants": [
      {
        "legacyInvolvedId": "05",
        "insInvolvementId": "A65BEA05969897B3",
        "rptTaxId": "798456121",
        "emailPrefInd": null,
        "reportedDateOfBirth": null,
        "reportedGender": null,
        "client": {
          "icsPartyId": null,
          "hrmPartyId": null,
          "taxID": "798456121",
          "taxIdIndicator": "N",
          "firstName": "MELISA",
          "middleName": null,
          "lastName": "VENTURA",
          "organizationName": null,
          "dateOfBirth": null,
          "gender": null,
          "phoneNumber": "2756410561",
          "emailAddress": "PJNZMB@test.com",
          "streetAddress": "8403 SAVANNA OAKS",
          "streetAddressLine2": null,
          "city": "WOODBURY",
          "state": "MO",
          "zip": "63124",
          "beginDate": "2009-11-09 00:00:00.0",
          "driversLicenseNumber": null,
          "prefLanguageCode": "EN",
          "prefLanguageDescription": "English",
          "medicalprovider": []
        },
        "line": [
          {
            "lineId": "9A821B1FF626916B",
            "handlingStatus": "Open",
            "lineType": "Property Damage Liability",
            "lineTypeCode": "NBB21",
            "lineCategory": null,
            "lineCategoryDescription": null,
            "financialStatus": "Open",
            "legacyCoverageCode": "BB",
            "coverageHandlingCode": "UL",
            "coverageHandlingDescription": "Unclear Liability",
            "pariticipantId": "A65BEA05969897B3",
            "claimantRoleId": "68CA29E81EAF39E5",
            "medicalEligibleInd": null,
            "eligibleInjuredPartyInd": null,
            "ormIndicator": null,
            "subrogation": {
              "subroInd": null,
              "subroStatusCode": null,
              "subroStatusDescription": null,
              "salvageStatusCode": null,
              "salvageStatusDescription": null
            },
            "siuStatus": {
              "siuStatusCode": null,
              "siuStatusDescription": null
            }
          }
        ],
        "involvementRole": [
          {
            "insInvolvedId": "A65BEA05969897B3",
            "involvementRole": "DRVR",
            "involvementRoleDescription": "Driver",
            "involvementRoleAssociations": []
          },
          {
            "insInvolvedId": "A65BEA05969897B3",
            "involvementRole": "CMT",
            "involvementRoleDescription": "Claimant",
            "involvementRoleAssociations": []
          },
          {
            "insInvolvedId": "A65BEA05969897B3",
            "involvementRole": "OWNR",
            "involvementRoleDescription": "Owner",
            "involvementRoleAssociations": []
          }
        ],
        "liabilities": [
          {
            "liabilityAffectedParty": "CD84D10D5F3D8607",
            "liabilityStatusCode": "01",
            "liabilityStatusDesc": "Open",
            "liabilityRangeBeginPercent": "0",
            "liabilityRangeEndPercent": "0",
            "finalLiabilityPercentage": null
          }
        ],
        "deceasedCd": null,
        "dateOfDeath": null,
        "citations": []
      },
      {
        "legacyInvolvedId": "01",
        "insInvolvementId": "CD84D10D5F3D8607",
        "rptTaxId": "143805429",
        "emailPrefInd": null,
        "reportedDateOfBirth": "1972-10-29 00:00:00.0",
        "reportedGender": "F",
        "client": {
          "icsPartyId": null,
          "hrmPartyId": null,
          "taxID": "143805429",
          "taxIdIndicator": "N",
          "firstName": "KELLEY",
          "middleName": "L",
          "lastName": "MORGEN",
          "organizationName": null,
          "dateOfBirth": "1972-12-07 00:00:00.0",
          "gender": "F",
          "phoneNumber": "6413512232",
          "emailAddress": "YBJTYP@test.com",
          "streetAddress": "20 MERYL LN",
          "streetAddressLine2": null,
          "city": "CHERRY HILL",
          "state": "NJ",
          "zip": "08002",
          "beginDate": "2006-07-01 00:00:00.0",
          "driversLicenseNumber": null,
          "prefLanguageCode": "ES",
          "prefLanguageDescription": "Spanish",
          "medicalprovider": []
        },
        "line": [
          {
            "lineId": "5D28E97A20036037",
            "handlingStatus": "Open",
            "lineType": "Comprehensive (Full)",
            "lineTypeCode": "NHH21",
            "lineCategory": null,
            "lineCategoryDescription": null,
            "financialStatus": "Open",
            "legacyCoverageCode": "HH",
            "coverageHandlingCode": "CM",
            "coverageHandlingDescription": "Comprehensive with Injury",
            "pariticipantId": "CD84D10D5F3D8607",
            "claimantRoleId": "320A36A8E7AF6917",
            "medicalEligibleInd": null,
            "eligibleInjuredPartyInd": null,
            "ormIndicator": null,
            "subrogation": {
              "subroInd": "Y",
              "subroStatusCode": "P",
              "subroStatusDescription": "Potential",
              "salvageStatusCode": null,
              "salvageStatusDescription": null
            },
            "siuStatus": {
              "siuStatusCode": null,
              "siuStatusDescription": null
            }
          },
          {
            "lineId": "7AFC558C65E19849",
            "handlingStatus": "Open",
            "lineType": "Collision",
            "lineTypeCode": "NDD21",
            "lineCategory": null,
            "lineCategoryDescription": null,
            "financialStatus": "Open",
            "legacyCoverageCode": "DD",
            "coverageHandlingCode": "UL",
            "coverageHandlingDescription": "Unclear Liability",
            "pariticipantId": "CD84D10D5F3D8607",
            "claimantRoleId": "320A36A8E7AF6917",
            "medicalEligibleInd": null,
            "eligibleInjuredPartyInd": null,
            "ormIndicator": null,
            "subrogation": {
              "subroInd": "Y",
              "subroStatusCode": "P",
              "subroStatusDescription": "Potential",
              "salvageStatusCode": null,
              "salvageStatusDescription": null
            },
            "siuStatus": {
              "siuStatusCode": null,
              "siuStatusDescription": null
            }
          },
          {
            "lineId": "298638E41B1A74FA",
            "handlingStatus": "Open",
            "lineType": "Personal Injury Protection",
            "lineTypeCode": "NVA21",
            "lineCategory": null,
            "lineCategoryDescription": null,
            "financialStatus": "Open",
            "legacyCoverageCode": "VA",
            "coverageHandlingCode": "P1",
            "coverageHandlingDescription": "PIP/Med Pay - Limited Care",
            "pariticipantId": "CD84D10D5F3D8607",
            "claimantRoleId": "320A36A8E7AF6917",
            "medicalEligibleInd": null,
            "eligibleInjuredPartyInd": null,
            "ormIndicator": null,
            "subrogation": {
              "subroInd": "Y",
              "subroStatusCode": "NP",
              "subroStatusDescription": "No Potential",
              "salvageStatusCode": null,
              "salvageStatusDescription": null
            },
            "siuStatus": {
              "siuStatusCode": null,
              "siuStatusDescription": null
            }
          }
        ],
        "involvementRole": [
          {
            "insInvolvedId": "CD84D10D5F3D8607",
            "involvementRole": "OWNR",
            "involvementRoleDescription": "Owner",
            "involvementRoleAssociations": []
          },
          {
            "insInvolvedId": "CD84D10D5F3D8607",
            "involvementRole": "PIN",
            "involvementRoleDescription": "Insured",
            "involvementRoleAssociations": []
          }
        ],
        "liabilities": [
          {
            "liabilityAffectedParty": "1478239F6C954B8F",
            "liabilityStatusCode": "01",
            "liabilityStatusDesc": "Open",
            "liabilityRangeBeginPercent": "20",
            "liabilityRangeEndPercent": "30",
            "finalLiabilityPercentage": null
          },
          {
            "liabilityAffectedParty": "6488FA768AA9C256",
            "liabilityStatusCode": "01",
            "liabilityStatusDesc": "Open",
            "liabilityRangeBeginPercent": "0",
            "liabilityRangeEndPercent": "0",
            "finalLiabilityPercentage": null
          },
          {
            "liabilityAffectedParty": "C9A62C40A8A1722A",
            "liabilityStatusCode": "01",
            "liabilityStatusDesc": "Open",
            "liabilityRangeBeginPercent": "0",
            "liabilityRangeEndPercent": "0",
            "finalLiabilityPercentage": null
          },
          {
            "liabilityAffectedParty": "A65BEA05969897B3",
            "liabilityStatusCode": "01",
            "liabilityStatusDesc": "Open",
            "liabilityRangeBeginPercent": "0",
            "liabilityRangeEndPercent": "0",
            "finalLiabilityPercentage": null
          }
        ],
        "deceasedCd": null,
        "dateOfDeath": null,
        "citations": []
      },
      {
        "legacyInvolvedId": "08",
        "insInvolvementId": "FBB24F4D9155566C",
        "rptTaxId": null,
        "emailPrefInd": null,
        "reportedDateOfBirth": null,
        "reportedGender": null,
        "client": {
          "icsPartyId": "004802310400300",
          "hrmPartyId": "004802310400300",
          "taxID": null,
          "taxIdIndicator": "N",
          "firstName": "DONALD",
          "middleName": null,
          "lastName": "MUDDASANI",
          "organizationName": null,
          "dateOfBirth": null,
          "gender": null,
          "phoneNumber": "3887733833",
          "emailAddress": null,
          "streetAddress": "1271 DEERFIELD PKWY",
          "streetAddressLine2": null,
          "city": "BUFFALO GROVE",
          "state": "IL",
          "zip": "600894584",
          "beginDate": "2015-12-10 00:00:00.0",
          "driversLicenseNumber": null,
          "prefLanguageCode": "EN",
          "prefLanguageDescription": "English",
          "medicalprovider": []
        },
        "line": [
          {
            "lineId": "394E16785C2BA1FB",
            "handlingStatus": "Open",
            "lineType": "Property Damage Liability",
            "lineTypeCode": "NBB21",
            "lineCategory": null,
            "lineCategoryDescription": null,
            "financialStatus": "Open",
            "legacyCoverageCode": "BB",
            "coverageHandlingCode": "UL",
            "coverageHandlingDescription": "Unclear Liability",
            "pariticipantId": "FBB24F4D9155566C",
            "claimantRoleId": "29D140CCD79A01A6",
            "medicalEligibleInd": null,
            "eligibleInjuredPartyInd": null,
            "ormIndicator": null,
            "subrogation": {
              "subroInd": null,
              "subroStatusCode": null,
              "subroStatusDescription": null,
              "salvageStatusCode": null,
              "salvageStatusDescription": null
            },
            "siuStatus": {
              "siuStatusCode": null,
              "siuStatusDescription": null
            }
          }
        ],
        "involvementRole": [
          {
            "insInvolvedId": "FBB24F4D9155566C",
            "involvementRole": "OWNR",
            "involvementRoleDescription": "Owner",
            "involvementRoleAssociations": []
          },
          {
            "insInvolvedId": "FBB24F4D9155566C",
            "involvementRole": "DRVR",
            "involvementRoleDescription": "Driver",
            "involvementRoleAssociations": []
          },
          {
            "insInvolvedId": "FBB24F4D9155566C",
            "involvementRole": "CMT",
            "involvementRoleDescription": "Claimant",
            "involvementRoleAssociations": []
          }
        ],
        "liabilities": [],
        "deceasedCd": null,
        "dateOfDeath": null,
        "citations": []
      },
      {
        "legacyInvolvedId": "02",
        "insInvolvementId": "C9A62C40A8A1722A",
        "rptTaxId": "189153346",
        "emailPrefInd": null,
        "reportedDateOfBirth": "1965-07-09 00:00:00.0",
        "reportedGender": null,
        "client": {
          "icsPartyId": "087357643000100",
          "hrmPartyId": "072521412000013",
          "taxID": "189153346",
          "taxIdIndicator": "N",
          "firstName": "RONALD",
          "middleName": null,
          "lastName": "ROTTEN",
          "organizationName": null,
          "dateOfBirth": "1965-05-12 00:00:00.0",
          "gender": null,
          "phoneNumber": "8847190166",
          "emailAddress": "LLSEXJ@test.com",
          "streetAddress": "520 EAST AVE",
          "streetAddressLine2": null,
          "city": "LOCKPORT",
          "state": "NY",
          "zip": "14094",
          "beginDate": "2007-03-13 00:00:00.0",
          "driversLicenseNumber": null,
          "prefLanguageCode": "EN",
          "prefLanguageDescription": "English",
          "medicalprovider": []
        },
        "line": [
          {
            "lineId": "0C5A28A6194E3EAA",
            "handlingStatus": "Open",
            "lineType": "Uninsured Motorists - Property Damage",
            "lineTypeCode": "NSD21",
            "lineCategory": null,
            "lineCategoryDescription": null,
            "financialStatus": "Open",
            "legacyCoverageCode": "SD",
            "coverageHandlingCode": "UL",
            "coverageHandlingDescription": "Unclear Liability",
            "pariticipantId": "C9A62C40A8A1722A",
            "claimantRoleId": "C8972C6A37F87D0D",
            "medicalEligibleInd": null,
            "eligibleInjuredPartyInd": null,
            "ormIndicator": null,
            "subrogation": {
              "subroInd": "Y",
              "subroStatusCode": "P",
              "subroStatusDescription": "Potential",
              "salvageStatusCode": null,
              "salvageStatusDescription": null
            },
            "siuStatus": {
              "siuStatusCode": null,
              "siuStatusDescription": null
            }
          },
          {
            "lineId": "E3EFC78319948972",
            "handlingStatus": "Open",
            "lineType": "Property Damage Liability",
            "lineTypeCode": "NBB21",
            "lineCategory": null,
            "lineCategoryDescription": null,
            "financialStatus": "Open",
            "legacyCoverageCode": "BB",
            "coverageHandlingCode": "UL",
            "coverageHandlingDescription": "Unclear Liability",
            "pariticipantId": "C9A62C40A8A1722A",
            "claimantRoleId": "C8972C6A37F87D0D",
            "medicalEligibleInd": null,
            "eligibleInjuredPartyInd": null,
            "ormIndicator": null,
            "subrogation": {
              "subroInd": null,
              "subroStatusCode": null,
              "subroStatusDescription": null,
              "salvageStatusCode": null,
              "salvageStatusDescription": null
            },
            "siuStatus": {
              "siuStatusCode": null,
              "siuStatusDescription": null
            }
          }
        ],
        "involvementRole": [
          {
            "insInvolvedId": "C9A62C40A8A1722A",
            "involvementRole": "CMT",
            "involvementRoleDescription": "Claimant",
            "involvementRoleAssociations": []
          },
          {
            "insInvolvedId": "C9A62C40A8A1722A",
            "involvementRole": "OWNR",
            "involvementRoleDescription": "Owner",
            "involvementRoleAssociations": []
          },
          {
            "insInvolvedId": "C9A62C40A8A1722A",
            "involvementRole": "DRVR",
            "involvementRoleDescription": "Driver",
            "involvementRoleAssociations": []
          }
        ],
        "liabilities": [
          {
            "liabilityAffectedParty": "CD84D10D5F3D8607",
            "liabilityStatusCode": "01",
            "liabilityStatusDesc": "Open",
            "liabilityRangeBeginPercent": "0",
            "liabilityRangeEndPercent": "0",
            "finalLiabilityPercentage": null
          }
        ],
        "deceasedCd": null,
        "dateOfDeath": null,
        "citations": []
      },
      {
        "legacyInvolvedId": "06",
        "insInvolvementId": "6488FA768AA9C256",
        "rptTaxId": null,
        "emailPrefInd": null,
        "reportedDateOfBirth": null,
        "reportedGender": null,
        "client": {
          "icsPartyId": "069780710400300",
          "hrmPartyId": "069780710400300",
          "taxID": null,
          "taxIdIndicator": "N",
          "firstName": "MARK",
          "middleName": null,
          "lastName": "MARSHAL",
          "organizationName": null,
          "dateOfBirth": null,
          "gender": null,
          "phoneNumber": null,
          "emailAddress": null,
          "streetAddress": "15 W DUNDEE RD # 60004",
          "streetAddressLine2": null,
          "city": "ARLINGTON HEIGHTS",
          "state": "IL",
          "zip": "600041543",
          "beginDate": "2016-12-07 00:00:00.0",
          "driversLicenseNumber": null,
          "prefLanguageCode": null,
          "prefLanguageDescription": null,
          "medicalprovider": []
        },
        "line": [
          {
            "lineId": "061B5E729C4A88ED",
            "handlingStatus": "Open",
            "lineType": "Property Damage Liability",
            "lineTypeCode": "NBB21",
            "lineCategory": null,
            "lineCategoryDescription": null,
            "financialStatus": "Open",
            "legacyCoverageCode": "BB",
            "coverageHandlingCode": "UL",
            "coverageHandlingDescription": "Unclear Liability",
            "pariticipantId": "6488FA768AA9C256",
            "claimantRoleId": "4459FE72A2476A31",
            "medicalEligibleInd": null,
            "eligibleInjuredPartyInd": null,
            "ormIndicator": null,
            "subrogation": {
              "subroInd": null,
              "subroStatusCode": null,
              "subroStatusDescription": null,
              "salvageStatusCode": null,
              "salvageStatusDescription": null
            },
            "siuStatus": {
              "siuStatusCode": null,
              "siuStatusDescription": null
            }
          }
        ],
        "involvementRole": [
          {
            "insInvolvedId": "6488FA768AA9C256",
            "involvementRole": "CMT",
            "involvementRoleDescription": "Claimant",
            "involvementRoleAssociations": []
          },
          {
            "insInvolvedId": "6488FA768AA9C256",
            "involvementRole": "OWNR",
            "involvementRoleDescription": "Owner",
            "involvementRoleAssociations": []
          },
          {
            "insInvolvedId": "6488FA768AA9C256",
            "involvementRole": "DRVR",
            "involvementRoleDescription": "Driver",
            "involvementRoleAssociations": []
          }
        ],
        "liabilities": [
          {
            "liabilityAffectedParty": "CD84D10D5F3D8607",
            "liabilityStatusCode": "01",
            "liabilityStatusDesc": "Open",
            "liabilityRangeBeginPercent": "0",
            "liabilityRangeEndPercent": "0",
            "finalLiabilityPercentage": null
          }
        ],
        "deceasedCd": null,
        "dateOfDeath": null,
        "citations": []
      },
      {
        "legacyInvolvedId": "07",
        "insInvolvementId": "791D60D9AE104297",
        "rptTaxId": "138564471",
        "emailPrefInd": null,
        "reportedDateOfBirth": "1957-03-14 00:00:00.0",
        "reportedGender": "M",
        "client": {
          "icsPartyId": "069023698000014",
          "hrmPartyId": "069023698000014",
          "taxID": "138564471",
          "taxIdIndicator": "N",
          "firstName": "JOHN",
          "middleName": null,
          "lastName": "MILBY",
          "organizationName": null,
          "dateOfBirth": "1957-10-17 00:00:00.0",
          "gender": "M",
          "phoneNumber": "4255508043",
          "emailAddress": "LAIHJY@test.com",
          "streetAddress": "516 TOMLINSON AVE",
          "streetAddressLine2": null,
          "city": "LAUREL SPRINGS",
          "state": "NJ",
          "zip": "080213138",
          "beginDate": "1985-12-16 00:00:00.0",
          "driversLicenseNumber": null,
          "prefLanguageCode": "KO",
          "prefLanguageDescription": "Korean",
          "medicalprovider": []
        },
        "line": [
          {
            "lineId": "669938673A9E76AF",
            "handlingStatus": "Open",
            "lineType": "Property Damage Liability",
            "lineTypeCode": "NBB21",
            "lineCategory": null,
            "lineCategoryDescription": null,
            "financialStatus": "Open",
            "legacyCoverageCode": "BB",
            "coverageHandlingCode": "UL",
            "coverageHandlingDescription": "Unclear Liability",
            "pariticipantId": "791D60D9AE104297",
            "claimantRoleId": "9EBC6A9D6F2A545B",
            "medicalEligibleInd": "N",
            "eligibleInjuredPartyInd": "N",
            "ormIndicator": null,
            "subrogation": {
              "subroInd": null,
              "subroStatusCode": null,
              "subroStatusDescription": null,
              "salvageStatusCode": null,
              "salvageStatusDescription": null
            },
            "siuStatus": {
              "siuStatusCode": null,
              "siuStatusDescription": null
            }
          }
        ],
        "involvementRole": [
          {
            "insInvolvedId": "791D60D9AE104297",
            "involvementRole": "DRVR",
            "involvementRoleDescription": "Driver",
            "involvementRoleAssociations": []
          }
        ],
        "liabilities": [],
        "deceasedCd": null,
        "dateOfDeath": null,
        "citations": []
      },
      {
        "legacyInvolvedId": "04",
        "insInvolvementId": "1478239F6C954B8F",
        "rptTaxId": "987485966",
        "emailPrefInd": null,
        "reportedDateOfBirth": null,
        "reportedGender": null,
        "client": {
          "icsPartyId": null,
          "hrmPartyId": "088396810400300",
          "taxID": "987485966",
          "taxIdIndicator": "N",
          "firstName": "TRING",
          "middleName": null,
          "lastName": "TRING",
          "organizationName": null,
          "dateOfBirth": null,
          "gender": null,
          "phoneNumber": "1539382459",
          "emailAddress": "abcd@gmail.com",
          "streetAddress": "2150 E LAKE COOK RD",
          "streetAddressLine2": null,
          "city": "BUFFALO GROVE",
          "state": "IL",
          "zip": "600891862",
          "beginDate": null,
          "driversLicenseNumber": null,
          "prefLanguageCode": "EN",
          "prefLanguageDescription": "English",
          "medicalprovider": []
        },
        "line": [
          {
            "lineId": "01F98090D21081F6",
            "handlingStatus": "Open",
            "lineType": "Property Damage Liability",
            "lineTypeCode": "NBB21",
            "lineCategory": null,
            "lineCategoryDescription": null,
            "financialStatus": "Open",
            "legacyCoverageCode": "BB",
            "coverageHandlingCode": "UL",
            "coverageHandlingDescription": "Unclear Liability",
            "pariticipantId": "1478239F6C954B8F",
            "claimantRoleId": "C4FC5569600F8978",
            "medicalEligibleInd": null,
            "eligibleInjuredPartyInd": null,
            "ormIndicator": null,
            "subrogation": {
              "subroInd": null,
              "subroStatusCode": null,
              "subroStatusDescription": null,
              "salvageStatusCode": null,
              "salvageStatusDescription": null
            },
            "siuStatus": {
              "siuStatusCode": null,
              "siuStatusDescription": null
            }
          }
        ],
        "involvementRole": [
          {
            "insInvolvedId": "1478239F6C954B8F",
            "involvementRole": "CMT",
            "involvementRoleDescription": "Claimant",
            "involvementRoleAssociations": []
          },
          {
            "insInvolvedId": "1478239F6C954B8F",
            "involvementRole": "OWNR",
            "involvementRoleDescription": "Owner",
            "involvementRoleAssociations": []
          },
          {
            "insInvolvedId": "1478239F6C954B8F",
            "involvementRole": "DRVR",
            "involvementRoleDescription": "Driver",
            "involvementRoleAssociations": []
          }
        ],
        "liabilities": [
          {
            "liabilityAffectedParty": "CD84D10D5F3D8607",
            "liabilityStatusCode": "01",
            "liabilityStatusDesc": "Open",
            "liabilityRangeBeginPercent": "70",
            "liabilityRangeEndPercent": "80",
            "finalLiabilityPercentage": null
          }
        ],
        "deceasedCd": null,
        "dateOfDeath": null,
        "citations": []
      },
      {
        "legacyInvolvedId": "03",
        "insInvolvementId": "D0FFC7A3F0D9DE44",
        "rptTaxId": "625856554",
        "emailPrefInd": null,
        "reportedDateOfBirth": null,
        "reportedGender": null,
        "client": {
          "icsPartyId": null,
          "hrmPartyId": null,
          "taxID": "625856554",
          "taxIdIndicator": "Y",
          "firstName": null,
          "middleName": null,
          "lastName": null,
          "organizationName": "STATE FARM INSURANCE",
          "dateOfBirth": null,
          "gender": null,
          "phoneNumber": "9934148671",
          "emailAddress": "EFJKGG@test.com",
          "streetAddress": "A-501, Queens Apartments",
          "streetAddressLine2": null,
          "city": "PARSIPPANY",
          "state": "NJ",
          "zip": "070542172",
          "beginDate": null,
          "driversLicenseNumber": null,
          "prefLanguageCode": null,
          "prefLanguageDescription": null,
          "medicalprovider": []
        },
        "line": [],
        "involvementRole": [
          {
            "insInvolvedId": "D0FFC7A3F0D9DE44",
            "involvementRole": "VB",
            "involvementRoleDescription": "Third Party Carrier",
            "involvementRoleAssociations": [
              {
                "associatedParticipantId": "C9A62C40A8A1722A",
                "associatedParticipantRoleCode": "CMT",
                "associatedParticipantRoleDescription": "Claimant",
                "lastUpdatedAssociatedTimeStamp": "2017-11-15 09:47:15.0"
              }
            ]
          }
        ],
        "liabilities": [],
        "deceasedCd": null,
        "dateOfDeath": null,
        "citations": []
      }
    ]
  }
}