{
  "result": "200 OK",
  "claimData": {
    "claim": {
      "claimNumber": "000178274080",
      "claimId": "34AC38B1D184E7A9",
      "claimStatus": "Open",
      "claimOpenedDate": "2016-11-18 17:14:56.0",
      "lossId": "7BCE5EB1443AA1E9",
      "lossStateCode": "42",
      "lossState": "Texas",
      "lossStreet": null,
      "lossAddress": null,
      "lossCity": null,
      "lossZip": null,
      "lossReportedDate": "2016-11-18 17:16:10.0",
      "vehicleLocationCode": "08",
      "vehicleLocation": "Other",
      "lossDescription": null,
      "peril": null,
      "subPeril": null,
      "lossTypeCode": "02",
      "lossType": "Contact with other vehicle/property/other party",
      "lossTime": "12:00:00 UTC",
      "lossDate": "2015-02-02 00:00:00.0",
      "lossDetailTypeCode": "09",
      "lossDetailType": "Changing lanes",
      "lossCounty": "48001",
      "lossCountyDescription": "Anderson",
      "lossISOCountry": "8A",
      "lossPhantomVehicleInd": "N",
      "reportedToAuthorities": "N",
      "catastropheCategoryInd": "N",
      "hitAndRunInd": "N",
      "reportedByCode": "1",
      "reportedBy": "Insured",
      "lineOfBusinessCode": "LB01",
      "lineOfBusiness": "Auto - Personal",
      "goodHandsInd": "N",
      "policyId": "3DDA4E6CAA71DB60",
      "claimSensitivity": "Standard",
      "org": {
        "orgEntityID": "264181C270EB49CE",
        "orgFirstNameUC": null,
        "orgLastNameUC": null,
        "corporateNameUC": "HOUSTON",
        "ntid": null,
        "performerInd": null
      },
      "csa": {
        "orgEntityID": "9BC4A14CC372487E",
        "orgFirstNameUC": null,
        "orgLastNameUC": null,
        "corporateNameUC": "TEXAS",
        "ntid": null,
        "performerInd": null
      },
      "inputType": "INT",
      "inputTypeDescription": "Internet (ILR)",
      "rideShareClaimCd": null
    },
    "asset": [
      {
        "itemId": "93F3724D2B46B5DA",
        "type": "V",
        "assetTypeCode": "01",
        "assetTypeDescription": "Auto",
        "passengerInjuredInd": null,
        "itemDamagedInd": "Y",
        "estDamageInd": null,
        "passengerCount": null,
        "passengerCountCode": null,
        "subjectOfInsurance": "N",
        "vehicle": {
          "make": "ACURA",
          "model": "MDX",
          "year": "2012",
          "vin": null,
          "licensePlateState": null,
          "licensePlate": null,
          "color": null,
          "body": null,
          "odometer": {
            "count": null,
            "unit": "Miles"
          }
        },
        "itemSite": {
          "location": {
            "streetAddress": null,
            "city": null,
            "state": null,
            "zipcode": null,
            "county": null,
            "country": null,
            "phone": null,
            "siteDescription": null,
            "extraAddress": null,
            "inAccurateAddress": null,
            "poBox": null,
            "building": null,
            "apartmentNumber": null,
            "aptOrSuite": null
          },
          "ruleRouteNumber": null,
          "constructionYear": null,
          "legalAddress": null,
          "roofCode": null,
          "roofCodeDesc": null,
          "exteriorWallTypeCode": null,
          "exteriorWallTypeDesc": null,
          "roofTypeCode": null,
          "roofTypeDesc": null,
          "roofInstallYear": null
        },
        "damages": {
          "damageId": "543F250B8182489D",
          "priorDamageInd": "N",
          "priorDamagesDesc": null,
          "totalLossInd": "N",
          "glassDamageInd": "Y",
          "fluidLeakInd": "N",
          "rollOverInd": "N",
          "doorsOpenInd": "N",
          "additionalDamageDesc": null,
          "itemUsableIndicator": "Y",
          "rscEquipUSDIndicator": "N",
          "towSceneRemovalIndicator": null,
          "repairStatusCode": null,
          "repairStatusDesc": null,
          "calculatedDamageScoreCode": "02",
          "calculatedDamageScoreDescription": "Moderate",
          "totalLossScore": "7",
          "rear": [
            "Body Panel",
            "Bumper",
            "Taillight-Driver Side",
            "Taillight-Passenger Side",
            "Trunk/Tailgate/Hatch"
          ],
          "other": [
            "Antenna",
            "Door Locks",
            "Roof"
          ],
          "passengerSideExterior": [
            "Front Door Glass",
            "Rear Door",
            "Rear Door Glass"
          ],
          "front": [
            "Bumper",
            "Headlight-Driver Side",
            "Headlight-Passenger Side",
            "Hood",
            "Windshield"
          ]
        },
        "other": {
          "itemId": null,
          "itemCode": null,
          "modelYear": null,
          "make": null,
          "model": null,
          "vin": null,
          "serialNumber": null,
          "length": null,
          "colorCode": null,
          "licensePlate": null,
          "licensePlateState": null
        },
        "trailer": {
          "make": null,
          "model": null,
          "year": null,
          "vin": null,
          "originalCost": null,
          "originalCurrency": null,
          "purchaseYear": null,
          "purchaseNew": null,
          "lengthCnt": null
        },
        "watercraft": {
          "year": null,
          "make": null,
          "model": null,
          "vin": null,
          "compositionCode": null,
          "compositionCodeDescription": null,
          "typeCode": null,
          "typeCodeDescription": null,
          "colorCode": null,
          "colorCodeDescription": null,
          "propulsionCode": null,
          "lengthCnt": null,
          "originalCostAmount": null,
          "currencyCode": null,
          "purchaseYear": null,
          "purchasedNewIndicator": null,
          "horsepowerNumber": null,
          "ownershipCode": null,
          "usageCode": null,
          "lrsWatercraftTypeCode": null,
          "insuredIndicator": null
        },
        "participants": [
          {
            "legacyInvolvedId": "02",
            "roles": [
              {
                "code": "OWNR",
                "description": "Owner"
              },
              {
                "code": "DRVR",
                "description": "Driver"
              },
              {
                "code": "CMT",
                "description": "Claimant"
              }
            ]
          }
        ]
      },
      {
        "itemId": "4395FF7B64EB20FD",
        "type": "V",
        "assetTypeCode": "02",
        "assetTypeDescription": "Pick Up Truck",
        "passengerInjuredInd": null,
        "itemDamagedInd": "Y",
        "estDamageInd": "N",
        "passengerCount": null,
        "passengerCountCode": null,
        "subjectOfInsurance": "Y",
        "vehicle": {
          "make": "FORD TRUCKS",
          "model": "F150",
          "year": "1998",
          "vin": "2FTRX18L7WCA19086",
          "licensePlateState": null,
          "licensePlate": null,
          "color": null,
          "body": null,
          "odometer": {
            "count": null,
            "unit": null
          }
        },
        "itemSite": {
          "location": {
            "streetAddress": "45 ROSE STREET",
            "city": "BRIDGEPORT",
            "state": "CT",
            "zipcode": "06610-1724",
            "county": "09001",
            "country": null,
            "phone": null,
            "siteDescription": null,
            "extraAddress": null,
            "inAccurateAddress": "N",
            "poBox": null,
            "building": null,
            "apartmentNumber": null,
            "aptOrSuite": null
          },
          "ruleRouteNumber": null,
          "constructionYear": "0",
          "legalAddress": null,
          "roofCode": null,
          "roofCodeDesc": null,
          "exteriorWallTypeCode": null,
          "exteriorWallTypeDesc": null,
          "roofTypeCode": null,
          "roofTypeDesc": null,
          "roofInstallYear": null
        },
        "damages": {
          "damageId": "85FF2F58FB4DA635",
          "priorDamageInd": "N",
          "priorDamagesDesc": null,
          "totalLossInd": "Y",
          "glassDamageInd": "Y",
          "fluidLeakInd": "N",
          "rollOverInd": "N",
          "doorsOpenInd": "N",
          "additionalDamageDesc": null,
          "itemUsableIndicator": "Y",
          "rscEquipUSDIndicator": "N",
          "towSceneRemovalIndicator": "Y",
          "repairStatusCode": null,
          "repairStatusDesc": null,
          "calculatedDamageScoreCode": "04",
          "calculatedDamageScoreDescription": "Possible Total Loss",
          "totalLossScore": "33",
          "rear": [
            "Body Panel",
            "Bumper",
            "Taillight-Passenger Side",
            "Trunk/Tailgate/Hatch",
            "Taillight-Driver Side"
          ],
          "other": [
            "Roof",
            "Antenna",
            "Door Locks"
          ],
          "passengerSideExterior": [
            "Front Door Glass",
            "Rear Door",
            "Rear Door Glass"
          ],
          "front": [
            "Bumper",
            "Headlight-Driver Side",
            "Headlight-Passenger Side",
            "Hood",
            "Windshield"
          ]
        },
        "other": {
          "itemId": null,
          "itemCode": null,
          "modelYear": null,
          "make": null,
          "model": null,
          "vin": null,
          "serialNumber": null,
          "length": null,
          "colorCode": null,
          "licensePlate": null,
          "licensePlateState": null
        },
        "trailer": {
          "make": null,
          "model": null,
          "year": null,
          "vin": null,
          "originalCost": null,
          "originalCurrency": null,
          "purchaseYear": null,
          "purchaseNew": null,
          "lengthCnt": null
        },
        "watercraft": {
          "year": null,
          "make": null,
          "model": null,
          "vin": null,
          "compositionCode": null,
          "compositionCodeDescription": null,
          "typeCode": null,
          "typeCodeDescription": null,
          "colorCode": null,
          "colorCodeDescription": null,
          "propulsionCode": null,
          "lengthCnt": null,
          "originalCostAmount": null,
          "currencyCode": null,
          "purchaseYear": null,
          "purchasedNewIndicator": null,
          "horsepowerNumber": null,
          "ownershipCode": null,
          "usageCode": null,
          "lrsWatercraftTypeCode": null,
          "insuredIndicator": null
        },
        "participants": [
          {
            "legacyInvolvedId": "01",
            "roles": [
              {
                "code": "OWNR",
                "description": "Owner"
              },
              {
                "code": "PIN",
                "description": "Insured"
              },
              {
                "code": "DRVR",
                "description": "Driver"
              }
            ]
          }
        ]
      }
    ],
    "participants": [
      {
        "legacyInvolvedId": "01",
        "insInvolvementId": "19A60AA4C0F3C3C0",
        "rptTaxId": "049629749",
        "emailPrefInd": null,
        "reportedDateOfBirth": "1961-12-31 00:00:00.0",
        "reportedGender": "M",
        "client": {
          "icsPartyId": "060019465000015",
          "hrmPartyId": "060019465000015",
          "taxID": "049629749",
          "taxIdIndicator": "N",
          "firstName": "PEDRO",
          "middleName": null,
          "lastName": "HERNANDEZ",
          "organizationName": null,
          "dateOfBirth": "1961-12-31 00:00:00.0",
          "gender": "M",
          "phoneNumber": "4095708799",
          "emailAddress": "PQZZCK@test.com",
          "streetAddress": "45 ROSE ST",
          "streetAddressLine2": null,
          "city": "BRIDGEPORT",
          "state": "CT",
          "zip": "066101724",
          "beginDate": "2000-10-23 00:00:00.0",
          "driversLicenseNumber": null,
          "prefLanguageCode": "EN",
          "prefLanguageDescription": "English",
          "medicalprovider": []
        },
        "line": [],
        "involvementRole": [
          {
            "insInvolvedId": "19A60AA4C0F3C3C0",
            "involvementRole": "DRVR",
            "involvementRoleDescription": "Driver",
            "involvementRoleAssociations": []
          },
          {
            "insInvolvedId": "19A60AA4C0F3C3C0",
            "involvementRole": "OWNR",
            "involvementRoleDescription": "Owner",
            "involvementRoleAssociations": []
          },
          {
            "insInvolvedId": "19A60AA4C0F3C3C0",
            "involvementRole": "PIN",
            "involvementRoleDescription": "Insured",
            "involvementRoleAssociations": []
          }
        ],
        "liabilities": [
          {
            "liabilityAffectedParty": "36847811946C0A04",
            "liabilityStatusCode": "01",
            "liabilityStatusDesc": "Open",
            "liabilityRangeBeginPercent": "0",
            "liabilityRangeEndPercent": "10",
            "finalLiabilityPercentage": null
          }
        ],
        "deceasedCd": null,
        "dateOfDeath": null,
        "citations": []
      },
      {
        "legacyInvolvedId": "02",
        "insInvolvementId": "36847811946C0A04",
        "rptTaxId": null,
        "emailPrefInd": null,
        "reportedDateOfBirth": null,
        "reportedGender": null,
        "client": {
          "icsPartyId": null,
          "hrmPartyId": null,
          "taxID": null,
          "taxIdIndicator": "N",
          "firstName": "LEO",
          "middleName": null,
          "lastName": "RAJ",
          "organizationName": null,
          "dateOfBirth": null,
          "gender": null,
          "phoneNumber": null,
          "emailAddress": null,
          "streetAddress": "1460 GOLF ROAD",
          "streetAddressLine2": null,
          "city": "ROLLING MEDOWS",
          "state": "IL",
          "zip": "60008",
          "beginDate": null,
          "driversLicenseNumber": null,
          "prefLanguageCode": "EN",
          "prefLanguageDescription": "English",
          "medicalprovider": []
        },
        "line": [
          {
            "lineId": "B343EE0CA56E22EC",
            "handlingStatus": "Open",
            "lineType": "Property Damage Liability",
            "lineTypeCode": "NBB21",
            "lineCategory": null,
            "lineCategoryDescription": null,
            "financialStatus": "Open",
            "legacyCoverageCode": "BB",
            "coverageHandlingCode": "UL",
            "coverageHandlingDescription": "Unclear Liability",
            "pariticipantId": "36847811946C0A04",
            "claimantRoleId": "F78162855F797D13",
            "medicalEligibleInd": null,
            "eligibleInjuredPartyInd": null,
            "ormIndicator": null,
            "subrogation": {
              "subroInd": null,
              "subroStatusCode": null,
              "subroStatusDescription": null,
              "salvageStatusCode": null,
              "salvageStatusDescription": null
            },
            "siuStatus": {
              "siuStatusCode": null,
              "siuStatusDescription": null
            }
          }
        ],
        "involvementRole": [
          {
            "insInvolvedId": "36847811946C0A04",
            "involvementRole": "CMT",
            "involvementRoleDescription": "Claimant",
            "involvementRoleAssociations": []
          },
          {
            "insInvolvedId": "36847811946C0A04",
            "involvementRole": "DRVR",
            "involvementRoleDescription": "Driver",
            "involvementRoleAssociations": []
          },
          {
            "insInvolvedId": "36847811946C0A04",
            "involvementRole": "OWNR",
            "involvementRoleDescription": "Owner",
            "involvementRoleAssociations": []
          }
        ],
        "liabilities": [
          {
            "liabilityAffectedParty": "19A60AA4C0F3C3C0",
            "liabilityStatusCode": "01",
            "liabilityStatusDesc": "Open",
            "liabilityRangeBeginPercent": "0",
            "liabilityRangeEndPercent": "0",
            "finalLiabilityPercentage": null
          }
        ],
        "deceasedCd": null,
        "dateOfDeath": null,
        "citations": []
      }
    ]
  }
}