{
  "result": "200 OK",
  "claimData": {
    "claim": {
      "claimNumber": "000178619219",
      "claimId": "A50B6E28B6E1F86C",
      "claimStatus": "Open",
      "claimOpenedDate": "2017-10-07 03:13:23.0",
      "lossId": "B7CF67C50BF05A8E",
      "lossStateCode": "12",
      "lossState": "Illinois",
      "lossStreet": null,
      "lossAddress": null,
      "lossCity": null,
      "lossZip": null,
      "lossReportedDate": "2017-10-07 03:13:23.0",
      "vehicleLocationCode": "08",
      "vehicleLocation": "Other",
      "lossDescription": null,
      "peril": null,
      "subPeril": null,
      "lossTypeCode": "02",
      "lossType": "Contact with other vehicle/property/other party",
      "lossTime": "01:00:00 UTC",
      "lossDate": "2017-01-01 00:00:00.0",
      "lossDetailTypeCode": "11",
      "lossDetailType": "Head-on collision",
      "lossCounty": "17025",
      "lossCountyDescription": "Clay",
      "lossISOCountry": "8A",
      "lossPhantomVehicleInd": "N",
      "reportedToAuthorities": null,
      "catastropheCategoryInd": "N",
      "hitAndRunInd": "N",
      "reportedByCode": "1",
      "reportedBy": "Insured",
      "lineOfBusinessCode": "LB01",
      "lineOfBusiness": "Auto - Personal",
      "goodHandsInd": "N",
      "policyId": "B98E4AC4623150B5",
      "claimSensitivity": "Standard",
      "org": {
        "orgEntityID": "1A4258B4F4F14B68",
        "orgFirstNameUC": null,
        "orgLastNameUC": null,
        "corporateNameUC": "CHICAGO SOUTH",
        "ntid": " ",
        "performerInd": null
      },
      "csa": {
        "orgEntityID": "6335EC8BE577418F",
        "orgFirstNameUC": null,
        "orgLastNameUC": null,
        "corporateNameUC": "MIDWEST CSA",
        "ntid": null,
        "performerInd": null
      },
      "inputType": "ICL",
      "inputTypeDescription": "Inbound Call",
      "rideShareClaimCd": null
    },
    "asset": [
      {
        "itemId": "29176398B3180558",
        "type": "V",
        "assetTypeCode": "01",
        "assetTypeDescription": "Auto",
        "passengerInjuredInd": null,
        "itemDamagedInd": "Y",
        "estDamageInd": null,
        "passengerCount": null,
        "passengerCountCode": null,
        "subjectOfInsurance": "N",
        "vehicle": {
          "make": "BMW",
          "model": "335I",
          "year": "2008",
          "vin": null,
          "licensePlateState": null,
          "licensePlate": null,
          "color": null,
          "body": null,
          "odometer": {
            "count": null,
            "unit": "Miles"
          }
        },
        "itemSite": {
          "location": {
            "streetAddress": null,
            "city": null,
            "state": null,
            "zipcode": null,
            "county": null,
            "country": null,
            "phone": null,
            "siteDescription": null,
            "extraAddress": null,
            "inAccurateAddress": null,
            "poBox": null,
            "building": null,
            "apartmentNumber": null,
            "aptOrSuite": null
          },
          "ruleRouteNumber": null,
          "constructionYear": null,
          "legalAddress": null,
          "roofCode": null,
          "roofCodeDesc": null,
          "exteriorWallTypeCode": null,
          "exteriorWallTypeDesc": null,
          "roofTypeCode": null,
          "roofTypeDesc": null,
          "roofInstallYear": null
        },
        "damages": {
          "damageId": "DCA24BA61D1DD4E8",
          "priorDamageInd": null,
          "priorDamagesDesc": null,
          "totalLossInd": "N",
          "glassDamageInd": "Y",
          "fluidLeakInd": "N",
          "rollOverInd": "N",
          "doorsOpenInd": "Y",
          "additionalDamageDesc": null,
          "itemUsableIndicator": "Y",
          "rscEquipUSDIndicator": "N",
          "towSceneRemovalIndicator": "Y",
          "repairStatusCode": null,
          "repairStatusDesc": null,
          "calculatedDamageScoreCode": "02",
          "calculatedDamageScoreDescription": "Moderate",
          "totalLossScore": "6",
          "driverSideExterior": [
            "Front Door",
            "Front Door Glass",
            "Mirror"
          ],
          "front": [
            "Bumper",
            "Headlight-Driver Side"
          ]
        },
        "other": {
          "itemId": null,
          "itemCode": null,
          "modelYear": null,
          "make": null,
          "model": null,
          "vin": null,
          "serialNumber": null,
          "length": null,
          "colorCode": null,
          "licensePlate": null,
          "licensePlateState": null
        },
        "trailer": {
          "make": null,
          "model": null,
          "year": null,
          "vin": null,
          "originalCost": null,
          "originalCurrency": null,
          "purchaseYear": null,
          "purchaseNew": null,
          "lengthCnt": null
        },
        "watercraft": {
          "year": null,
          "make": null,
          "model": null,
          "vin": null,
          "compositionCode": null,
          "compositionCodeDescription": null,
          "typeCode": null,
          "typeCodeDescription": null,
          "colorCode": null,
          "colorCodeDescription": null,
          "propulsionCode": null,
          "lengthCnt": null,
          "originalCostAmount": null,
          "currencyCode": null,
          "purchaseYear": null,
          "purchasedNewIndicator": null,
          "horsepowerNumber": null,
          "ownershipCode": null,
          "usageCode": null,
          "lrsWatercraftTypeCode": null,
          "insuredIndicator": null
        },
        "participants": [
          {
            "legacyInvolvedId": "02",
            "roles": [
              {
                "code": "OWNR",
                "description": "Owner"
              },
              {
                "code": "DRVR",
                "description": "Driver"
              },
              {
                "code": "CMT",
                "description": "Claimant"
              }
            ]
          }
        ]
      },
      {
        "itemId": "5B20D6979E16807E",
        "type": "V",
        "assetTypeCode": "01",
        "assetTypeDescription": "Auto",
        "passengerInjuredInd": null,
        "itemDamagedInd": "Y",
        "estDamageInd": null,
        "passengerCount": null,
        "passengerCountCode": null,
        "subjectOfInsurance": "N",
        "vehicle": {
          "make": "NISSAN",
          "model": "PATHFINDER",
          "year": "2000",
          "vin": null,
          "licensePlateState": null,
          "licensePlate": null,
          "color": null,
          "body": null,
          "odometer": {
            "count": null,
            "unit": "Miles"
          }
        },
        "itemSite": {
          "location": {
            "streetAddress": null,
            "city": null,
            "state": null,
            "zipcode": null,
            "county": null,
            "country": null,
            "phone": null,
            "siteDescription": null,
            "extraAddress": null,
            "inAccurateAddress": null,
            "poBox": null,
            "building": null,
            "apartmentNumber": null,
            "aptOrSuite": null
          },
          "ruleRouteNumber": null,
          "constructionYear": null,
          "legalAddress": null,
          "roofCode": null,
          "roofCodeDesc": null,
          "exteriorWallTypeCode": null,
          "exteriorWallTypeDesc": null,
          "roofTypeCode": null,
          "roofTypeDesc": null,
          "roofInstallYear": null
        },
        "damages": {
          "damageId": "790119129D56242E",
          "priorDamageInd": null,
          "priorDamagesDesc": null,
          "totalLossInd": "N",
          "glassDamageInd": "N",
          "fluidLeakInd": "N",
          "rollOverInd": "N",
          "doorsOpenInd": "Y",
          "additionalDamageDesc": null,
          "itemUsableIndicator": "Y",
          "rscEquipUSDIndicator": "N",
          "towSceneRemovalIndicator": "Y",
          "repairStatusCode": null,
          "repairStatusDesc": null,
          "calculatedDamageScoreCode": "01",
          "calculatedDamageScoreDescription": "Minor",
          "totalLossScore": "4",
          "front": [
            "Bumper",
            "Grille",
            "Headlight-Driver Side",
            "Headlight-Passenger Side"
          ]
        },
        "other": {
          "itemId": null,
          "itemCode": null,
          "modelYear": null,
          "make": null,
          "model": null,
          "vin": null,
          "serialNumber": null,
          "length": null,
          "colorCode": null,
          "licensePlate": null,
          "licensePlateState": null
        },
        "trailer": {
          "make": null,
          "model": null,
          "year": null,
          "vin": null,
          "originalCost": null,
          "originalCurrency": null,
          "purchaseYear": null,
          "purchaseNew": null,
          "lengthCnt": null
        },
        "watercraft": {
          "year": null,
          "make": null,
          "model": null,
          "vin": null,
          "compositionCode": null,
          "compositionCodeDescription": null,
          "typeCode": null,
          "typeCodeDescription": null,
          "colorCode": null,
          "colorCodeDescription": null,
          "propulsionCode": null,
          "lengthCnt": null,
          "originalCostAmount": null,
          "currencyCode": null,
          "purchaseYear": null,
          "purchasedNewIndicator": null,
          "horsepowerNumber": null,
          "ownershipCode": null,
          "usageCode": null,
          "lrsWatercraftTypeCode": null,
          "insuredIndicator": null
        },
        "participants": [
          {
            "legacyInvolvedId": "03",
            "roles": [
              {
                "code": "DRVR",
                "description": "Driver"
              },
              {
                "code": "OWNR",
                "description": "Owner"
              },
              {
                "code": "CMT",
                "description": "Claimant"
              }
            ]
          }
        ]
      },
      {
        "itemId": "705D1802CEA5BACC",
        "type": "V",
        "assetTypeCode": "01",
        "assetTypeDescription": "Auto",
        "passengerInjuredInd": null,
        "itemDamagedInd": "Y",
        "estDamageInd": null,
        "passengerCount": null,
        "passengerCountCode": null,
        "subjectOfInsurance": "Y",
        "vehicle": {
          "make": "FORD TRUCKS",
          "model": "EXPEDITION",
          "year": "2001",
          "vin": "1FMRU15W51LA33635",
          "licensePlateState": null,
          "licensePlate": null,
          "color": null,
          "body": null,
          "odometer": {
            "count": null,
            "unit": "Miles"
          }
        },
        "itemSite": {
          "location": {
            "streetAddress": "1912 PALM VISTA DRIVE",
            "city": "PFLUGERVILLE",
            "state": "TX",
            "zipcode": "78660-9462",
            "county": "48453",
            "country": null,
            "phone": null,
            "siteDescription": null,
            "extraAddress": null,
            "inAccurateAddress": "N",
            "poBox": null,
            "building": null,
            "apartmentNumber": null,
            "aptOrSuite": null
          },
          "ruleRouteNumber": null,
          "constructionYear": "0",
          "legalAddress": null,
          "roofCode": null,
          "roofCodeDesc": null,
          "exteriorWallTypeCode": null,
          "exteriorWallTypeDesc": null,
          "roofTypeCode": null,
          "roofTypeDesc": null,
          "roofInstallYear": null
        },
        "damages": {
          "damageId": "60CFDCE9B88A5E83",
          "priorDamageInd": null,
          "priorDamagesDesc": null,
          "totalLossInd": "N",
          "glassDamageInd": "N",
          "fluidLeakInd": "N",
          "rollOverInd": "N",
          "doorsOpenInd": "Y",
          "additionalDamageDesc": null,
          "itemUsableIndicator": "Y",
          "rscEquipUSDIndicator": "N",
          "towSceneRemovalIndicator": "Y",
          "repairStatusCode": null,
          "repairStatusDesc": null,
          "calculatedDamageScoreCode": "01",
          "calculatedDamageScoreDescription": "Minor",
          "totalLossScore": "3",
          "front": [
            "Bumper",
            "Grille",
            "Headlight-Driver Side"
          ]
        },
        "other": {
          "itemId": null,
          "itemCode": null,
          "modelYear": null,
          "make": null,
          "model": null,
          "vin": null,
          "serialNumber": null,
          "length": null,
          "colorCode": null,
          "licensePlate": null,
          "licensePlateState": null
        },
        "trailer": {
          "make": null,
          "model": null,
          "year": null,
          "vin": null,
          "originalCost": null,
          "originalCurrency": null,
          "purchaseYear": null,
          "purchaseNew": null,
          "lengthCnt": null
        },
        "watercraft": {
          "year": null,
          "make": null,
          "model": null,
          "vin": null,
          "compositionCode": null,
          "compositionCodeDescription": null,
          "typeCode": null,
          "typeCodeDescription": null,
          "colorCode": null,
          "colorCodeDescription": null,
          "propulsionCode": null,
          "lengthCnt": null,
          "originalCostAmount": null,
          "currencyCode": null,
          "purchaseYear": null,
          "purchasedNewIndicator": null,
          "horsepowerNumber": null,
          "ownershipCode": null,
          "usageCode": null,
          "lrsWatercraftTypeCode": null,
          "insuredIndicator": null
        },
        "participants": [
          {
            "legacyInvolvedId": "01",
            "roles": [
              {
                "code": "OWNR",
                "description": "Owner"
              },
              {
                "code": "DRVR",
                "description": "Driver"
              },
              {
                "code": "PIN",
                "description": "Insured"
              }
            ]
          }
        ]
      }
    ],
    "participants": [
      {
        "legacyInvolvedId": "02",
        "insInvolvementId": "176372EC9CF534A4",
        "rptTaxId": "798456121",
        "emailPrefInd": null,
        "reportedDateOfBirth": null,
        "reportedGender": null,
        "client": {
          "icsPartyId": null,
          "hrmPartyId": null,
          "taxID": "798456121",
          "taxIdIndicator": "N",
          "firstName": "MELISA",
          "middleName": null,
          "lastName": "VENTURA",
          "organizationName": null,
          "dateOfBirth": null,
          "gender": null,
          "phoneNumber": "4527278403",
          "emailAddress": "PJNZMB@test.com",
          "streetAddress": "8403 SAVANNA OAKS",
          "streetAddressLine2": null,
          "city": "WOODBURY",
          "state": "MO",
          "zip": "63124",
          "beginDate": "2009-11-09 00:00:00.0",
          "driversLicenseNumber": null,
          "prefLanguageCode": "EN",
          "prefLanguageDescription": "English",
          "medicalprovider": []
        },
        "line": [
          {
            "lineId": "8D8EF46416EF3912",
            "handlingStatus": "Open",
            "lineType": "Property Damage Liability",
            "lineTypeCode": "NBB21",
            "lineCategory": null,
            "lineCategoryDescription": null,
            "financialStatus": "Open",
            "legacyCoverageCode": "BB",
            "coverageHandlingCode": "UL",
            "coverageHandlingDescription": "Unclear Liability",
            "pariticipantId": "176372EC9CF534A4",
            "claimantRoleId": "3CFF0E042B36E267",
            "medicalEligibleInd": null,
            "eligibleInjuredPartyInd": null,
            "ormIndicator": null,
            "subrogation": {
              "subroInd": null,
              "subroStatusCode": null,
              "subroStatusDescription": null,
              "salvageStatusCode": null,
              "salvageStatusDescription": null
            },
            "siuStatus": {
              "siuStatusCode": null,
              "siuStatusDescription": null
            }
          }
        ],
        "involvementRole": [
          {
            "insInvolvedId": "176372EC9CF534A4",
            "involvementRole": "CMT",
            "involvementRoleDescription": "Claimant",
            "involvementRoleAssociations": []
          },
          {
            "insInvolvedId": "176372EC9CF534A4",
            "involvementRole": "OWNR",
            "involvementRoleDescription": "Owner",
            "involvementRoleAssociations": []
          },
          {
            "insInvolvedId": "176372EC9CF534A4",
            "involvementRole": "DRVR",
            "involvementRoleDescription": "Driver",
            "involvementRoleAssociations": []
          }
        ],
        "liabilities": [
          {
            "liabilityAffectedParty": "34C6CEE8EEEC8E20",
            "liabilityStatusCode": "01",
            "liabilityStatusDesc": "Open",
            "liabilityRangeBeginPercent": "100",
            "liabilityRangeEndPercent": "100",
            "finalLiabilityPercentage": null
          }
        ],
        "deceasedCd": null,
        "dateOfDeath": null,
        "citations": []
      },
      {
        "legacyInvolvedId": "01",
        "insInvolvementId": "34C6CEE8EEEC8E20",
        "rptTaxId": null,
        "emailPrefInd": null,
        "reportedDateOfBirth": "1967-12-31 00:00:00.0",
        "reportedGender": "M",
        "client": {
          "icsPartyId": null,
          "hrmPartyId": null,
          "taxID": "642015780",
          "taxIdIndicator": "N",
          "firstName": "ISAAC",
          "middleName": null,
          "lastName": "LOPEZ",
          "organizationName": null,
          "dateOfBirth": "1967-07-22 00:00:00.0",
          "gender": "M",
          "phoneNumber": "4126645347",
          "emailAddress": "ZWBPXA@test.com",
          "streetAddress": "1912 PALM VISTA DR",
          "streetAddressLine2": null,
          "city": "PFLUGERVILLE",
          "state": "TX",
          "zip": "786609462",
          "beginDate": "1995-05-09 00:00:00.0",
          "driversLicenseNumber": null,
          "prefLanguageCode": "IT",
          "prefLanguageDescription": "Italian",
          "medicalprovider": []
        },
        "line": [
          {
            "lineId": "C0F733897BD2D96F",
            "handlingStatus": "Open",
            "lineType": "Collision",
            "lineTypeCode": "NDD21",
            "lineCategory": null,
            "lineCategoryDescription": null,
            "financialStatus": "Open",
            "legacyCoverageCode": "DD",
            "coverageHandlingCode": "UL",
            "coverageHandlingDescription": "Unclear Liability",
            "pariticipantId": "34C6CEE8EEEC8E20",
            "claimantRoleId": "9305F92971D2CA7F",
            "medicalEligibleInd": null,
            "eligibleInjuredPartyInd": null,
            "ormIndicator": null,
            "subrogation": {
              "subroInd": null,
              "subroStatusCode": null,
              "subroStatusDescription": null,
              "salvageStatusCode": null,
              "salvageStatusDescription": null
            },
            "siuStatus": {
              "siuStatusCode": null,
              "siuStatusDescription": null
            }
          }
        ],
        "involvementRole": [
          {
            "insInvolvedId": "34C6CEE8EEEC8E20",
            "involvementRole": "OWNR",
            "involvementRoleDescription": "Owner",
            "involvementRoleAssociations": []
          },
          {
            "insInvolvedId": "34C6CEE8EEEC8E20",
            "involvementRole": "PIN",
            "involvementRoleDescription": "Insured",
            "involvementRoleAssociations": []
          },
          {
            "insInvolvedId": "34C6CEE8EEEC8E20",
            "involvementRole": "DRVR",
            "involvementRoleDescription": "Driver",
            "involvementRoleAssociations": []
          }
        ],
        "liabilities": [
          {
            "liabilityAffectedParty": "176372EC9CF534A4",
            "liabilityStatusCode": "01",
            "liabilityStatusDesc": "Open",
            "liabilityRangeBeginPercent": "100",
            "liabilityRangeEndPercent": "100",
            "finalLiabilityPercentage": null
          },
          {
            "liabilityAffectedParty": "1E099E63F15D09C8",
            "liabilityStatusCode": "01",
            "liabilityStatusDesc": "Open",
            "liabilityRangeBeginPercent": "0",
            "liabilityRangeEndPercent": "0",
            "finalLiabilityPercentage": null
          }
        ],
        "deceasedCd": null,
        "dateOfDeath": null,
        "citations": []
      },
      {
        "legacyInvolvedId": "03",
        "insInvolvementId": "1E099E63F15D09C8",
        "rptTaxId": "328767504",
        "emailPrefInd": null,
        "reportedDateOfBirth": "1985-12-31 00:00:00.0",
        "reportedGender": "M",
        "client": {
          "icsPartyId": "055359710400300",
          "hrmPartyId": "055359710400300",
          "taxID": "328767504",
          "taxIdIndicator": "N",
          "firstName": "ADAM",
          "middleName": null,
          "lastName": "SMITH",
          "organizationName": null,
          "dateOfBirth": "1985-06-07 00:00:00.0",
          "gender": "M",
          "phoneNumber": "5370830749",
          "emailAddress": "AZCGMI@test.com",
          "streetAddress": "1405 N 10TH ST",
          "streetAddressLine2": null,
          "city": "PEKIN",
          "state": "IL",
          "zip": "615542110",
          "beginDate": "2017-03-27 00:00:00.0",
          "driversLicenseNumber": null,
          "prefLanguageCode": "EN",
          "prefLanguageDescription": "English",
          "medicalprovider": []
        },
        "line": [
          {
            "lineId": "E9802392DA163CB0",
            "handlingStatus": "Open",
            "lineType": "Property Damage Liability",
            "lineTypeCode": "NBB21",
            "lineCategory": null,
            "lineCategoryDescription": null,
            "financialStatus": "Open",
            "legacyCoverageCode": "BB",
            "coverageHandlingCode": "UL",
            "coverageHandlingDescription": "Unclear Liability",
            "pariticipantId": "1E099E63F15D09C8",
            "claimantRoleId": "A6F1E785C0ABB463",
            "medicalEligibleInd": null,
            "eligibleInjuredPartyInd": null,
            "ormIndicator": null,
            "subrogation": {
              "subroInd": null,
              "subroStatusCode": null,
              "subroStatusDescription": null,
              "salvageStatusCode": null,
              "salvageStatusDescription": null
            },
            "siuStatus": {
              "siuStatusCode": null,
              "siuStatusDescription": null
            }
          }
        ],
        "involvementRole": [
          {
            "insInvolvedId": "1E099E63F15D09C8",
            "involvementRole": "OWNR",
            "involvementRoleDescription": "Owner",
            "involvementRoleAssociations": []
          },
          {
            "insInvolvedId": "1E099E63F15D09C8",
            "involvementRole": "DRVR",
            "involvementRoleDescription": "Driver",
            "involvementRoleAssociations": []
          },
          {
            "insInvolvedId": "1E099E63F15D09C8",
            "involvementRole": "CMT",
            "involvementRoleDescription": "Claimant",
            "involvementRoleAssociations": []
          }
        ],
        "liabilities": [
          {
            "liabilityAffectedParty": "34C6CEE8EEEC8E20",
            "liabilityStatusCode": "01",
            "liabilityStatusDesc": "Open",
            "liabilityRangeBeginPercent": "100",
            "liabilityRangeEndPercent": "100",
            "finalLiabilityPercentage": null
          }
        ],
        "deceasedCd": null,
        "dateOfDeath": null,
        "citations": []
      }
    ]
  }
}