{
  "result": "200 OK",
  "claimData": {
    "claim": {
      "claimNumber": "000178824694",
      "claimId": "289BABD47C19C4D2",
      "claimStatus": "Open",
      "claimOpenedDate": "2018-03-12 15:21:23.0",
      "lossId": "A3E20D7DCE67F784",
      "lossStateCode": "12",
      "lossState": "Illinois",
      "lossStreet": null,
      "lossAddress": null,
      "lossCity": null,
      "lossZip": null,
      "lossReportedDate": "2018-03-12 15:21:23.0",
      "vehicleLocationCode": "08",
      "vehicleLocation": "Other",
      "lossDescription": null,
      "peril": null,
      "subPeril": null,
      "lossTypeCode": "02",
      "lossType": "Contact with other vehicle/property/other party",
      "lossTime": "07:00:00 UTC",
      "lossDate": "2014-05-05 00:00:00.0",
      "lossDetailTypeCode": "09",
      "lossDetailType": "Changing lanes",
      "lossCounty": "17097",
      "lossCountyDescription": "Lake",
      "lossISOCountry": "8A",
      "lossPhantomVehicleInd": "N",
      "reportedToAuthorities": null,
      "catastropheCategoryInd": "N",
      "hitAndRunInd": "N",
      "reportedByCode": "1",
      "reportedBy": "Insured",
      "lineOfBusinessCode": "LB01",
      "lineOfBusiness": "Auto - Personal",
      "goodHandsInd": "N",
      "policyId": "DC8BDA2B00EE36CC",
      "claimSensitivity": "Standard",
      "org": {
        "orgEntityID": "1A4258B4F4F14B68",
        "orgFirstNameUC": null,
        "orgLastNameUC": null,
        "corporateNameUC": "CHICAGO SOUTH",
        "ntid": " ",
        "performerInd": null
      },
      "csa": {
        "orgEntityID": "6335EC8BE577418F",
        "orgFirstNameUC": null,
        "orgLastNameUC": null,
        "corporateNameUC": "MIDWEST CSA",
        "ntid": null,
        "performerInd": null
      },
      "inputType": "ICL",
      "inputTypeDescription": "Inbound Call",
      "rideShareClaimCd": null
    },
    "asset": [
      {
        "itemId": "163C8C8904E2FC62",
        "type": "V",
        "assetTypeCode": "01",
        "assetTypeDescription": "Auto",
        "passengerInjuredInd": null,
        "itemDamagedInd": "Y",
        "estDamageInd": null,
        "passengerCount": null,
        "passengerCountCode": null,
        "subjectOfInsurance": "Y",
        "vehicle": {
          "make": "DODGE TRUCKS",
          "model": "DURANGO",
          "year": "2007",
          "vin": "1D8HB38PX7F570502",
          "licensePlateState": null,
          "licensePlate": null,
          "color": null,
          "body": null,
          "odometer": {
            "count": null,
            "unit": "Miles"
          }
        },
        "itemSite": {
          "location": {
            "streetAddress": "PO BOX 1013",
            "city": "MIAMI",
            "state": "AZ",
            "zipcode": "85539-0806",
            "county": "04007",
            "country": null,
            "phone": null,
            "siteDescription": null,
            "extraAddress": null,
            "inAccurateAddress": "N",
            "poBox": null,
            "building": null,
            "apartmentNumber": null,
            "aptOrSuite": null
          },
          "ruleRouteNumber": null,
          "constructionYear": "0",
          "legalAddress": null,
          "roofCode": null,
          "roofCodeDesc": null,
          "exteriorWallTypeCode": null,
          "exteriorWallTypeDesc": null,
          "roofTypeCode": null,
          "roofTypeDesc": null,
          "roofInstallYear": null
        },
        "damages": {
          "damageId": "AC79C65B065D4EB2",
          "priorDamageInd": null,
          "priorDamagesDesc": null,
          "totalLossInd": "N",
          "glassDamageInd": "N",
          "fluidLeakInd": "N",
          "rollOverInd": "N",
          "doorsOpenInd": "Y",
          "additionalDamageDesc": null,
          "itemUsableIndicator": "Y",
          "rscEquipUSDIndicator": "N",
          "towSceneRemovalIndicator": "N",
          "repairStatusCode": null,
          "repairStatusDesc": null,
          "calculatedDamageScoreCode": "01",
          "calculatedDamageScoreDescription": "Minor",
          "totalLossScore": "3",
          "driverSideExterior": [
            "Front Fender"
          ],
          "front": [
            "Hood"
          ]
        },
        "other": {
          "itemId": null,
          "itemCode": null,
          "modelYear": null,
          "make": null,
          "model": null,
          "vin": null,
          "serialNumber": null,
          "length": null,
          "colorCode": null,
          "licensePlate": null,
          "licensePlateState": null
        },
        "trailer": {
          "make": null,
          "model": null,
          "year": null,
          "vin": null,
          "originalCost": null,
          "originalCurrency": null,
          "purchaseYear": null,
          "purchaseNew": null,
          "lengthCnt": null
        },
        "watercraft": {
          "year": null,
          "make": null,
          "model": null,
          "vin": null,
          "compositionCode": null,
          "compositionCodeDescription": null,
          "typeCode": null,
          "typeCodeDescription": null,
          "colorCode": null,
          "colorCodeDescription": null,
          "propulsionCode": null,
          "lengthCnt": null,
          "originalCostAmount": null,
          "currencyCode": null,
          "purchaseYear": null,
          "purchasedNewIndicator": null,
          "horsepowerNumber": null,
          "ownershipCode": null,
          "usageCode": null,
          "lrsWatercraftTypeCode": null,
          "insuredIndicator": null
        },
        "participants": [
          {
            "legacyInvolvedId": "01",
            "roles": [
              {
                "code": "PIN",
                "description": "Insured"
              },
              {
                "code": "OWNR",
                "description": "Owner"
              },
              {
                "code": "DRVR",
                "description": "Driver"
              }
            ]
          }
        ]
      },
      {
        "itemId": "6FAB93A03F297A0F",
        "type": "V",
        "assetTypeCode": "02",
        "assetTypeDescription": "Pick Up Truck",
        "passengerInjuredInd": null,
        "itemDamagedInd": "Y",
        "estDamageInd": null,
        "passengerCount": null,
        "passengerCountCode": null,
        "subjectOfInsurance": "N",
        "vehicle": {
          "make": "FORD TRUCKS",
          "model": "F250",
          "year": "2004",
          "vin": null,
          "licensePlateState": null,
          "licensePlate": null,
          "color": null,
          "body": null,
          "odometer": {
            "count": "0",
            "unit": null
          }
        },
        "itemSite": {
          "location": {
            "streetAddress": null,
            "city": null,
            "state": null,
            "zipcode": null,
            "county": null,
            "country": null,
            "phone": null,
            "siteDescription": null,
            "extraAddress": null,
            "inAccurateAddress": null,
            "poBox": null,
            "building": null,
            "apartmentNumber": null,
            "aptOrSuite": null
          },
          "ruleRouteNumber": null,
          "constructionYear": null,
          "legalAddress": null,
          "roofCode": null,
          "roofCodeDesc": null,
          "exteriorWallTypeCode": null,
          "exteriorWallTypeDesc": null,
          "roofTypeCode": null,
          "roofTypeDesc": null,
          "roofInstallYear": null
        },
        "damages": {
          "damageId": "7608AD616A60A9EF",
          "priorDamageInd": null,
          "priorDamagesDesc": null,
          "totalLossInd": "N",
          "glassDamageInd": "N",
          "fluidLeakInd": "N",
          "rollOverInd": "N",
          "doorsOpenInd": "Y",
          "additionalDamageDesc": null,
          "itemUsableIndicator": "Y",
          "rscEquipUSDIndicator": "N",
          "towSceneRemovalIndicator": "N",
          "repairStatusCode": null,
          "repairStatusDesc": null,
          "calculatedDamageScoreCode": "01",
          "calculatedDamageScoreDescription": "Minor",
          "totalLossScore": "3",
          "driverSideExterior": [
            "Front Fender"
          ],
          "front": [
            "Hood"
          ]
        },
        "other": {
          "itemId": null,
          "itemCode": null,
          "modelYear": null,
          "make": null,
          "model": null,
          "vin": null,
          "serialNumber": null,
          "length": null,
          "colorCode": null,
          "licensePlate": null,
          "licensePlateState": null
        },
        "trailer": {
          "make": null,
          "model": null,
          "year": null,
          "vin": null,
          "originalCost": null,
          "originalCurrency": null,
          "purchaseYear": null,
          "purchaseNew": null,
          "lengthCnt": null
        },
        "watercraft": {
          "year": null,
          "make": null,
          "model": null,
          "vin": null,
          "compositionCode": null,
          "compositionCodeDescription": null,
          "typeCode": null,
          "typeCodeDescription": null,
          "colorCode": null,
          "colorCodeDescription": null,
          "propulsionCode": null,
          "lengthCnt": null,
          "originalCostAmount": null,
          "currencyCode": null,
          "purchaseYear": null,
          "purchasedNewIndicator": null,
          "horsepowerNumber": null,
          "ownershipCode": null,
          "usageCode": null,
          "lrsWatercraftTypeCode": null,
          "insuredIndicator": null
        },
        "participants": [
          {
            "legacyInvolvedId": "02",
            "roles": [
              {
                "code": "CMT",
                "description": "Claimant"
              },
              {
                "code": "OWNR",
                "description": "Owner"
              }
            ]
          },
          {
            "legacyInvolvedId": "03",
            "roles": [
              {
                "code": "DRVR",
                "description": "Driver"
              },
              {
                "code": "CMT",
                "description": "Claimant"
              }
            ]
          }
        ]
      }
    ],
    "participants": [
      {
        "legacyInvolvedId": "03",
        "insInvolvementId": "DB58E314120BC6C4",
        "rptTaxId": null,
        "emailPrefInd": null,
        "reportedDateOfBirth": null,
        "reportedGender": null,
        "client": {
          "icsPartyId": null,
          "hrmPartyId": null,
          "taxID": null,
          "taxIdIndicator": "N",
          "firstName": "JANE",
          "middleName": null,
          "lastName": "SMITH",
          "organizationName": null,
          "dateOfBirth": null,
          "gender": null,
          "phoneNumber": null,
          "emailAddress": null,
          "streetAddress": null,
          "streetAddressLine2": null,
          "city": null,
          "state": null,
          "zip": null,
          "beginDate": null,
          "driversLicenseNumber": null,
          "prefLanguageCode": null,
          "prefLanguageDescription": null,
          "medicalprovider": []
        },
        "line": [],
        "involvementRole": [
          {
            "insInvolvedId": "DB58E314120BC6C4",
            "involvementRole": "CMT",
            "involvementRoleDescription": "Claimant",
            "involvementRoleAssociations": []
          },
          {
            "insInvolvedId": "DB58E314120BC6C4",
            "involvementRole": "DRVR",
            "involvementRoleDescription": "Driver",
            "involvementRoleAssociations": []
          }
        ],
        "liabilities": [],
        "deceasedCd": null,
        "dateOfDeath": null,
        "citations": []
      },
      {
        "legacyInvolvedId": "02",
        "insInvolvementId": "0C30858DC5A13956",
        "rptTaxId": null,
        "emailPrefInd": null,
        "reportedDateOfBirth": null,
        "reportedGender": null,
        "client": {
          "icsPartyId": "071690100400300",
          "hrmPartyId": "071690100400300",
          "taxID": null,
          "taxIdIndicator": "N",
          "firstName": "SHELDON",
          "middleName": null,
          "lastName": "PETERSEL",
          "organizationName": null,
          "dateOfBirth": null,
          "gender": null,
          "phoneNumber": "8174665144",
          "emailAddress": "CNXVAH@test.com",
          "streetAddress": "6511 MYRTLE CAVE",
          "streetAddressLine2": null,
          "city": "BUFFALO GROVE",
          "state": "IL",
          "zip": "60008",
          "beginDate": null,
          "driversLicenseNumber": null,
          "prefLanguageCode": "EN",
          "prefLanguageDescription": "English",
          "medicalprovider": []
        },
        "line": [
          {
            "lineId": "49D8B2D2D5ADFA0C",
            "handlingStatus": "Open",
            "lineType": "Property Damage Liability",
            "lineTypeCode": "NBB21",
            "lineCategory": null,
            "lineCategoryDescription": null,
            "financialStatus": "Open",
            "legacyCoverageCode": "BB",
            "coverageHandlingCode": "UL",
            "coverageHandlingDescription": "Unclear Liability",
            "pariticipantId": "0C30858DC5A13956",
            "claimantRoleId": "547F76E392035126",
            "medicalEligibleInd": null,
            "eligibleInjuredPartyInd": null,
            "ormIndicator": null,
            "subrogation": {
              "subroInd": null,
              "subroStatusCode": null,
              "subroStatusDescription": null,
              "salvageStatusCode": null,
              "salvageStatusDescription": null
            },
            "siuStatus": {
              "siuStatusCode": null,
              "siuStatusDescription": null
            }
          }
        ],
        "involvementRole": [
          {
            "insInvolvedId": "0C30858DC5A13956",
            "involvementRole": "CMT",
            "involvementRoleDescription": "Claimant",
            "involvementRoleAssociations": []
          },
          {
            "insInvolvedId": "0C30858DC5A13956",
            "involvementRole": "OWNR",
            "involvementRoleDescription": "Owner",
            "involvementRoleAssociations": []
          }
        ],
        "liabilities": [
          {
            "liabilityAffectedParty": "570E963871A4FCA8",
            "liabilityStatusCode": "01",
            "liabilityStatusDesc": "Open",
            "liabilityRangeBeginPercent": "5",
            "liabilityRangeEndPercent": "10",
            "finalLiabilityPercentage": null
          }
        ],
        "deceasedCd": null,
        "dateOfDeath": null,
        "citations": []
      },
      {
        "legacyInvolvedId": "01",
        "insInvolvementId": "570E963871A4FCA8",
        "rptTaxId": null,
        "emailPrefInd": null,
        "reportedDateOfBirth": "1939-11-02 00:00:00.0",
        "reportedGender": "M",
        "client": {
          "icsPartyId": null,
          "hrmPartyId": null,
          "taxID": "527523934",
          "taxIdIndicator": "N",
          "firstName": "THOMAS",
          "middleName": "J",
          "lastName": "COOK",
          "organizationName": null,
          "dateOfBirth": "1939-12-17 00:00:00.0",
          "gender": "M",
          "phoneNumber": "5483060565",
          "emailAddress": "PPAKXF@test.com",
          "streetAddress": "PO BOX 1013",
          "streetAddressLine2": null,
          "city": "MIAMI",
          "state": "AZ",
          "zip": "855390806",
          "beginDate": "1967-01-28 00:00:00.0",
          "driversLicenseNumber": null,
          "prefLanguageCode": "EN",
          "prefLanguageDescription": "English",
          "medicalprovider": []
        },
        "line": [
          {
            "lineId": "B52E7603131FE018",
            "handlingStatus": "Open",
            "lineType": "Collision",
            "lineTypeCode": "NDD21",
            "lineCategory": null,
            "lineCategoryDescription": null,
            "financialStatus": "Open",
            "legacyCoverageCode": "DD",
            "coverageHandlingCode": "UL",
            "coverageHandlingDescription": "Unclear Liability",
            "pariticipantId": "570E963871A4FCA8",
            "claimantRoleId": "F98F6709BF17C83D",
            "medicalEligibleInd": null,
            "eligibleInjuredPartyInd": null,
            "ormIndicator": null,
            "subrogation": {
              "subroInd": null,
              "subroStatusCode": null,
              "subroStatusDescription": null,
              "salvageStatusCode": null,
              "salvageStatusDescription": null
            },
            "siuStatus": {
              "siuStatusCode": null,
              "siuStatusDescription": null
            }
          }
        ],
        "involvementRole": [
          {
            "insInvolvedId": "570E963871A4FCA8",
            "involvementRole": "PIN",
            "involvementRoleDescription": "Insured",
            "involvementRoleAssociations": []
          },
          {
            "insInvolvedId": "570E963871A4FCA8",
            "involvementRole": "DRVR",
            "involvementRoleDescription": "Driver",
            "involvementRoleAssociations": []
          },
          {
            "insInvolvedId": "570E963871A4FCA8",
            "involvementRole": "OWNR",
            "involvementRoleDescription": "Owner",
            "involvementRoleAssociations": []
          }
        ],
        "liabilities": [
          {
            "liabilityAffectedParty": "0C30858DC5A13956",
            "liabilityStatusCode": "01",
            "liabilityStatusDesc": "Open",
            "liabilityRangeBeginPercent": "16",
            "liabilityRangeEndPercent": "25",
            "finalLiabilityPercentage": null
          }
        ],
        "deceasedCd": null,
        "dateOfDeath": null,
        "citations": []
      }
    ]
  }
}