{
  "result": "200 OK",
  "claimData": {
    "claim": {
      "claimNumber": "000178093266",
      "claimId": "75A917C52DD18977",
      "claimStatus": "Open",
      "claimOpenedDate": "2016-06-07 10:33:14.0",
      "lossId": "4ED456C7C6A6E5F3",
      "lossStateCode": "12",
      "lossState": "Illinois",
      "lossStreet": null,
      "lossAddress": null,
      "lossCity": null,
      "lossZip": null,
      "lossReportedDate": "2016-06-07 10:33:14.0",
      "vehicleLocationCode": "08",
      "vehicleLocation": "Other",
      "lossDescription": null,
      "peril": null,
      "subPeril": null,
      "lossTypeCode": "02",
      "lossType": "Contact with other vehicle/property/other party",
      "lossTime": "22:00:00 UTC",
      "lossDate": "2014-01-01 00:00:00.0",
      "lossDetailTypeCode": "09",
      "lossDetailType": "Changing lanes",
      "lossCounty": "17003",
      "lossCountyDescription": "Alexander",
      "lossISOCountry": "8A",
      "lossPhantomVehicleInd": "N",
      "reportedToAuthorities": "N",
      "catastropheCategoryInd": "N",
      "hitAndRunInd": "N",
      "reportedByCode": "2",
      "reportedBy": "Claimant",
      "lineOfBusinessCode": "LB01",
      "lineOfBusiness": "Auto - Personal",
      "goodHandsInd": "N",
      "policyId": "A3DE6B653071577C",
      "claimSensitivity": "Standard",
      "org": {
        "orgEntityID": "1A4258B4F4F14B68",
        "orgFirstNameUC": null,
        "orgLastNameUC": null,
        "corporateNameUC": "CHICAGO SOUTH",
        "ntid": " ",
        "performerInd": null
      },
      "csa": {
        "orgEntityID": "6335EC8BE577418F",
        "orgFirstNameUC": null,
        "orgLastNameUC": null,
        "corporateNameUC": "MIDWEST CSA",
        "ntid": null,
        "performerInd": null
      },
      "inputType": "ICL",
      "inputTypeDescription": "Inbound Call",
      "rideShareClaimCd": null
    },
    "asset": [
      {
        "itemId": "77B5F72C59DB459E",
        "type": "V",
        "assetTypeCode": "01",
        "assetTypeDescription": "Auto",
        "passengerInjuredInd": null,
        "itemDamagedInd": "Y",
        "estDamageInd": "N",
        "passengerCount": null,
        "passengerCountCode": null,
        "subjectOfInsurance": "N",
        "vehicle": {
          "make": "AUDI",
          "model": "A6",
          "year": "2012",
          "vin": null,
          "licensePlateState": null,
          "licensePlate": null,
          "color": null,
          "body": null,
          "odometer": {
            "count": null,
            "unit": "Miles"
          }
        },
        "itemSite": {
          "location": {
            "streetAddress": null,
            "city": null,
            "state": null,
            "zipcode": null,
            "county": null,
            "country": null,
            "phone": null,
            "siteDescription": null,
            "extraAddress": null,
            "inAccurateAddress": null,
            "poBox": null,
            "building": null,
            "apartmentNumber": null,
            "aptOrSuite": null
          },
          "ruleRouteNumber": null,
          "constructionYear": null,
          "legalAddress": null,
          "roofCode": null,
          "roofCodeDesc": null,
          "exteriorWallTypeCode": null,
          "exteriorWallTypeDesc": null,
          "roofTypeCode": null,
          "roofTypeDesc": null,
          "roofInstallYear": null
        },
        "damages": {
          "damageId": "AC01F5FF81667593",
          "priorDamageInd": null,
          "priorDamagesDesc": null,
          "totalLossInd": "N",
          "glassDamageInd": "Y",
          "fluidLeakInd": "N",
          "rollOverInd": "N",
          "doorsOpenInd": "Y",
          "additionalDamageDesc": null,
          "itemUsableIndicator": "Y",
          "rscEquipUSDIndicator": "N",
          "towSceneRemovalIndicator": "Y",
          "repairStatusCode": null,
          "repairStatusDesc": null,
          "calculatedDamageScoreCode": "02",
          "calculatedDamageScoreDescription": "Moderate",
          "totalLossScore": "19",
          "rear": [
            "Body Panel",
            "Bumper",
            "Glass"
          ],
          "passengerSideExterior": [
            "Mirror"
          ],
          "driverSideExterior": [
            "Rear Door Glass"
          ]
        },
        "other": {
          "itemId": null,
          "itemCode": null,
          "modelYear": null,
          "make": null,
          "model": null,
          "vin": null,
          "serialNumber": null,
          "length": null,
          "colorCode": null,
          "licensePlate": null,
          "licensePlateState": null
        },
        "trailer": {
          "make": null,
          "model": null,
          "year": null,
          "vin": null,
          "originalCost": null,
          "originalCurrency": null,
          "purchaseYear": null,
          "purchaseNew": null,
          "lengthCnt": null
        },
        "watercraft": {
          "year": null,
          "make": null,
          "model": null,
          "vin": null,
          "compositionCode": null,
          "compositionCodeDescription": null,
          "typeCode": null,
          "typeCodeDescription": null,
          "colorCode": null,
          "colorCodeDescription": null,
          "propulsionCode": null,
          "lengthCnt": null,
          "originalCostAmount": null,
          "currencyCode": null,
          "purchaseYear": null,
          "purchasedNewIndicator": null,
          "horsepowerNumber": null,
          "ownershipCode": null,
          "usageCode": null,
          "lrsWatercraftTypeCode": null,
          "insuredIndicator": null
        },
        "participants": [
          {
            "legacyInvolvedId": "06",
            "roles": [
              {
                "code": "DRVR",
                "description": "Driver"
              },
              {
                "code": "CMT",
                "description": "Claimant"
              },
              {
                "code": "OWNR",
                "description": "Owner"
              }
            ]
          }
        ]
      },
      {
        "itemId": "580FCDDE69F35638",
        "type": "V",
        "assetTypeCode": "01",
        "assetTypeDescription": "Auto",
        "passengerInjuredInd": null,
        "itemDamagedInd": "Y",
        "estDamageInd": "N",
        "passengerCount": null,
        "passengerCountCode": null,
        "subjectOfInsurance": "N",
        "vehicle": {
          "make": "MAZDA",
          "model": "TRIBUTE",
          "year": "2003",
          "vin": null,
          "licensePlateState": null,
          "licensePlate": null,
          "color": null,
          "body": null,
          "odometer": {
            "count": null,
            "unit": "Miles"
          }
        },
        "itemSite": {
          "location": {
            "streetAddress": null,
            "city": null,
            "state": null,
            "zipcode": null,
            "county": null,
            "country": null,
            "phone": null,
            "siteDescription": null,
            "extraAddress": null,
            "inAccurateAddress": null,
            "poBox": null,
            "building": null,
            "apartmentNumber": null,
            "aptOrSuite": null
          },
          "ruleRouteNumber": null,
          "constructionYear": null,
          "legalAddress": null,
          "roofCode": null,
          "roofCodeDesc": null,
          "exteriorWallTypeCode": null,
          "exteriorWallTypeDesc": null,
          "roofTypeCode": null,
          "roofTypeDesc": null,
          "roofInstallYear": null
        },
        "damages": {
          "damageId": "950C659602BE1B1C",
          "priorDamageInd": null,
          "priorDamagesDesc": null,
          "totalLossInd": "Y",
          "glassDamageInd": "Y",
          "fluidLeakInd": "Y",
          "rollOverInd": "Y",
          "doorsOpenInd": "Y",
          "additionalDamageDesc": null,
          "itemUsableIndicator": "N",
          "rscEquipUSDIndicator": "Y",
          "towSceneRemovalIndicator": "Y",
          "repairStatusCode": null,
          "repairStatusDesc": null,
          "calculatedDamageScoreCode": "04",
          "calculatedDamageScoreDescription": "Possible Total Loss",
          "totalLossScore": "80",
          "rear": [
            "Glass"
          ],
          "other": [
            "Frame"
          ],
          "passengerSideExterior": [
            "Mirror"
          ],
          "driverSideExterior": [
            "Front Tire"
          ],
          "mechanical": [
            "Alarm System",
            "Battery",
            "Engine"
          ],
          "front": [
            "Bumper",
            "Hood",
            "Windshield"
          ],
          "interior": [
            "Air Bags"
          ]
        },
        "other": {
          "itemId": null,
          "itemCode": null,
          "modelYear": null,
          "make": null,
          "model": null,
          "vin": null,
          "serialNumber": null,
          "length": null,
          "colorCode": null,
          "licensePlate": null,
          "licensePlateState": null
        },
        "trailer": {
          "make": null,
          "model": null,
          "year": null,
          "vin": null,
          "originalCost": null,
          "originalCurrency": null,
          "purchaseYear": null,
          "purchaseNew": null,
          "lengthCnt": null
        },
        "watercraft": {
          "year": null,
          "make": null,
          "model": null,
          "vin": null,
          "compositionCode": null,
          "compositionCodeDescription": null,
          "typeCode": null,
          "typeCodeDescription": null,
          "colorCode": null,
          "colorCodeDescription": null,
          "propulsionCode": null,
          "lengthCnt": null,
          "originalCostAmount": null,
          "currencyCode": null,
          "purchaseYear": null,
          "purchasedNewIndicator": null,
          "horsepowerNumber": null,
          "ownershipCode": null,
          "usageCode": null,
          "lrsWatercraftTypeCode": null,
          "insuredIndicator": null
        },
        "participants": [
          {
            "legacyInvolvedId": "03",
            "roles": [
              {
                "code": "CMT",
                "description": "Claimant"
              },
              {
                "code": "OWNR",
                "description": "Owner"
              },
              {
                "code": "DRVR",
                "description": "Driver"
              }
            ]
          }
        ]
      },
      {
        "itemId": "18D4BC339120FBBB",
        "type": "V",
        "assetTypeCode": "01",
        "assetTypeDescription": "Auto",
        "passengerInjuredInd": null,
        "itemDamagedInd": "Y",
        "estDamageInd": "N",
        "passengerCount": null,
        "passengerCountCode": null,
        "subjectOfInsurance": "N",
        "vehicle": {
          "make": "BENTLEY",
          "model": "ARNAGE",
          "year": "2005",
          "vin": null,
          "licensePlateState": null,
          "licensePlate": null,
          "color": null,
          "body": null,
          "odometer": {
            "count": null,
            "unit": "Miles"
          }
        },
        "itemSite": {
          "location": {
            "streetAddress": null,
            "city": null,
            "state": null,
            "zipcode": null,
            "county": null,
            "country": null,
            "phone": null,
            "siteDescription": null,
            "extraAddress": null,
            "inAccurateAddress": null,
            "poBox": null,
            "building": null,
            "apartmentNumber": null,
            "aptOrSuite": null
          },
          "ruleRouteNumber": null,
          "constructionYear": null,
          "legalAddress": null,
          "roofCode": null,
          "roofCodeDesc": null,
          "exteriorWallTypeCode": null,
          "exteriorWallTypeDesc": null,
          "roofTypeCode": null,
          "roofTypeDesc": null,
          "roofInstallYear": null
        },
        "damages": {
          "damageId": "C937E478B17095D0",
          "priorDamageInd": "N",
          "priorDamagesDesc": null,
          "totalLossInd": "N",
          "glassDamageInd": "Y",
          "fluidLeakInd": "Y",
          "rollOverInd": "N",
          "doorsOpenInd": "Y",
          "additionalDamageDesc": null,
          "itemUsableIndicator": "N",
          "rscEquipUSDIndicator": "N",
          "towSceneRemovalIndicator": "Y",
          "repairStatusCode": null,
          "repairStatusDesc": null,
          "calculatedDamageScoreCode": "03",
          "calculatedDamageScoreDescription": "Major",
          "totalLossScore": "0",
          "rear": [
            "Glass"
          ],
          "other": [
            "Frame"
          ],
          "passengerSideExterior": [
            "Mirror"
          ],
          "driverSideExterior": [
            "Mirror"
          ],
          "mechanical": [
            "Alarm System",
            "Battery",
            "Engine",
            "Fuel Tank",
            "Radiator"
          ],
          "front": [
            "Bumper",
            "Grille",
            "Windshield"
          ],
          "interior": [
            "Air Bags"
          ]
        },
        "other": {
          "itemId": null,
          "itemCode": null,
          "modelYear": null,
          "make": null,
          "model": null,
          "vin": null,
          "serialNumber": null,
          "length": null,
          "colorCode": null,
          "licensePlate": null,
          "licensePlateState": null
        },
        "trailer": {
          "make": null,
          "model": null,
          "year": null,
          "vin": null,
          "originalCost": null,
          "originalCurrency": null,
          "purchaseYear": null,
          "purchaseNew": null,
          "lengthCnt": null
        },
        "watercraft": {
          "year": null,
          "make": null,
          "model": null,
          "vin": null,
          "compositionCode": null,
          "compositionCodeDescription": null,
          "typeCode": null,
          "typeCodeDescription": null,
          "colorCode": null,
          "colorCodeDescription": null,
          "propulsionCode": null,
          "lengthCnt": null,
          "originalCostAmount": null,
          "currencyCode": null,
          "purchaseYear": null,
          "purchasedNewIndicator": null,
          "horsepowerNumber": null,
          "ownershipCode": null,
          "usageCode": null,
          "lrsWatercraftTypeCode": null,
          "insuredIndicator": null
        },
        "participants": [
          {
            "legacyInvolvedId": "01",
            "roles": [
              {
                "code": "DRVR",
                "description": "Driver"
              },
              {
                "code": "PIN",
                "description": "Insured"
              },
              {
                "code": "OWNR",
                "description": "Owner"
              }
            ]
          }
        ]
      },
      {
        "itemId": "CE5DDF0B46F2C8B2",
        "type": "V",
        "assetTypeCode": "01",
        "assetTypeDescription": "Auto",
        "passengerInjuredInd": null,
        "itemDamagedInd": "Y",
        "estDamageInd": "N",
        "passengerCount": null,
        "passengerCountCode": null,
        "subjectOfInsurance": "N",
        "vehicle": {
          "make": "AUDI",
          "model": "A6 AVANT",
          "year": "2003",
          "vin": null,
          "licensePlateState": null,
          "licensePlate": null,
          "color": null,
          "body": null,
          "odometer": {
            "count": null,
            "unit": "Miles"
          }
        },
        "itemSite": {
          "location": {
            "streetAddress": null,
            "city": null,
            "state": null,
            "zipcode": null,
            "county": null,
            "country": null,
            "phone": null,
            "siteDescription": null,
            "extraAddress": null,
            "inAccurateAddress": null,
            "poBox": null,
            "building": null,
            "apartmentNumber": null,
            "aptOrSuite": null
          },
          "ruleRouteNumber": null,
          "constructionYear": null,
          "legalAddress": null,
          "roofCode": null,
          "roofCodeDesc": null,
          "exteriorWallTypeCode": null,
          "exteriorWallTypeDesc": null,
          "roofTypeCode": null,
          "roofTypeDesc": null,
          "roofInstallYear": null
        },
        "damages": {
          "damageId": "D366C7A35B0256DE",
          "priorDamageInd": null,
          "priorDamagesDesc": null,
          "totalLossInd": "Y",
          "glassDamageInd": "Y",
          "fluidLeakInd": "Y",
          "rollOverInd": "Y",
          "doorsOpenInd": "Y",
          "additionalDamageDesc": null,
          "itemUsableIndicator": "N",
          "rscEquipUSDIndicator": "Y",
          "towSceneRemovalIndicator": "Y",
          "repairStatusCode": null,
          "repairStatusDesc": null,
          "calculatedDamageScoreCode": "04",
          "calculatedDamageScoreDescription": "Possible Total Loss",
          "totalLossScore": "80",
          "rear": [
            "Glass"
          ],
          "other": [
            "Frame"
          ],
          "passengerSideExterior": [
            "Mirror"
          ],
          "driverSideExterior": [
            "Front Tire"
          ],
          "mechanical": [
            "Alarm System",
            "Battery",
            "Engine"
          ],
          "front": [
            "Bumper",
            "Hood",
            "Windshield"
          ],
          "interior": [
            "Air Bags"
          ]
        },
        "other": {
          "itemId": null,
          "itemCode": null,
          "modelYear": null,
          "make": null,
          "model": null,
          "vin": null,
          "serialNumber": null,
          "length": null,
          "colorCode": null,
          "licensePlate": null,
          "licensePlateState": null
        },
        "trailer": {
          "make": null,
          "model": null,
          "year": null,
          "vin": null,
          "originalCost": null,
          "originalCurrency": null,
          "purchaseYear": null,
          "purchaseNew": null,
          "lengthCnt": null
        },
        "watercraft": {
          "year": null,
          "make": null,
          "model": null,
          "vin": null,
          "compositionCode": null,
          "compositionCodeDescription": null,
          "typeCode": null,
          "typeCodeDescription": null,
          "colorCode": null,
          "colorCodeDescription": null,
          "propulsionCode": null,
          "lengthCnt": null,
          "originalCostAmount": null,
          "currencyCode": null,
          "purchaseYear": null,
          "purchasedNewIndicator": null,
          "horsepowerNumber": null,
          "ownershipCode": null,
          "usageCode": null,
          "lrsWatercraftTypeCode": null,
          "insuredIndicator": null
        },
        "participants": [
          {
            "legacyInvolvedId": "02",
            "roles": [
              {
                "code": "CMT",
                "description": "Claimant"
              },
              {
                "code": "DRVR",
                "description": "Driver"
              },
              {
                "code": "OWNR",
                "description": "Owner"
              }
            ]
          }
        ]
      },
      {
        "itemId": "14CC98235A51AF30",
        "type": "V",
        "assetTypeCode": "01",
        "assetTypeDescription": "Auto",
        "passengerInjuredInd": null,
        "itemDamagedInd": "Y",
        "estDamageInd": "N",
        "passengerCount": null,
        "passengerCountCode": null,
        "subjectOfInsurance": "N",
        "vehicle": {
          "make": "PORSCHE",
          "model": "BOXSTER",
          "year": "2000",
          "vin": null,
          "licensePlateState": null,
          "licensePlate": null,
          "color": null,
          "body": null,
          "odometer": {
            "count": null,
            "unit": "Miles"
          }
        },
        "itemSite": {
          "location": {
            "streetAddress": null,
            "city": null,
            "state": null,
            "zipcode": null,
            "county": null,
            "country": null,
            "phone": null,
            "siteDescription": null,
            "extraAddress": null,
            "inAccurateAddress": null,
            "poBox": null,
            "building": null,
            "apartmentNumber": null,
            "aptOrSuite": null
          },
          "ruleRouteNumber": null,
          "constructionYear": null,
          "legalAddress": null,
          "roofCode": null,
          "roofCodeDesc": null,
          "exteriorWallTypeCode": null,
          "exteriorWallTypeDesc": null,
          "roofTypeCode": null,
          "roofTypeDesc": null,
          "roofInstallYear": null
        },
        "damages": {
          "damageId": "758DB573F0D3DAA7",
          "priorDamageInd": null,
          "priorDamagesDesc": null,
          "totalLossInd": "Y",
          "glassDamageInd": "Y",
          "fluidLeakInd": "Y",
          "rollOverInd": "Y",
          "doorsOpenInd": "Y",
          "additionalDamageDesc": null,
          "itemUsableIndicator": "N",
          "rscEquipUSDIndicator": "Y",
          "towSceneRemovalIndicator": "Y",
          "repairStatusCode": null,
          "repairStatusDesc": null,
          "calculatedDamageScoreCode": "04",
          "calculatedDamageScoreDescription": "Possible Total Loss",
          "totalLossScore": "80",
          "rear": [
            "Glass"
          ],
          "other": [
            "Frame"
          ],
          "passengerSideExterior": [
            "Mirror"
          ],
          "driverSideExterior": [
            "Front Tire"
          ],
          "mechanical": [
            "Alarm System",
            "Battery",
            "Engine"
          ],
          "front": [
            "Bumper",
            "Hood",
            "Windshield"
          ],
          "interior": [
            "Air Bags"
          ]
        },
        "other": {
          "itemId": null,
          "itemCode": null,
          "modelYear": null,
          "make": null,
          "model": null,
          "vin": null,
          "serialNumber": null,
          "length": null,
          "colorCode": null,
          "licensePlate": null,
          "licensePlateState": null
        },
        "trailer": {
          "make": null,
          "model": null,
          "year": null,
          "vin": null,
          "originalCost": null,
          "originalCurrency": null,
          "purchaseYear": null,
          "purchaseNew": null,
          "lengthCnt": null
        },
        "watercraft": {
          "year": null,
          "make": null,
          "model": null,
          "vin": null,
          "compositionCode": null,
          "compositionCodeDescription": null,
          "typeCode": null,
          "typeCodeDescription": null,
          "colorCode": null,
          "colorCodeDescription": null,
          "propulsionCode": null,
          "lengthCnt": null,
          "originalCostAmount": null,
          "currencyCode": null,
          "purchaseYear": null,
          "purchasedNewIndicator": null,
          "horsepowerNumber": null,
          "ownershipCode": null,
          "usageCode": null,
          "lrsWatercraftTypeCode": null,
          "insuredIndicator": null
        },
        "participants": [
          {
            "legacyInvolvedId": "04",
            "roles": [
              {
                "code": "OWNR",
                "description": "Owner"
              },
              {
                "code": "DRVR",
                "description": "Driver"
              },
              {
                "code": "CMT",
                "description": "Claimant"
              }
            ]
          }
        ]
      },
      {
        "itemId": "CA4D640BFA7DCB0D",
        "type": "V",
        "assetTypeCode": "01",
        "assetTypeDescription": "Auto",
        "passengerInjuredInd": null,
        "itemDamagedInd": "Y",
        "estDamageInd": "N",
        "passengerCount": null,
        "passengerCountCode": null,
        "subjectOfInsurance": "N",
        "vehicle": {
          "make": "HONDA",
          "model": "CIVIC",
          "year": "2001",
          "vin": null,
          "licensePlateState": null,
          "licensePlate": null,
          "color": null,
          "body": null,
          "odometer": {
            "count": null,
            "unit": null
          }
        },
        "itemSite": {
          "location": {
            "streetAddress": null,
            "city": null,
            "state": null,
            "zipcode": null,
            "county": null,
            "country": null,
            "phone": null,
            "siteDescription": null,
            "extraAddress": null,
            "inAccurateAddress": null,
            "poBox": null,
            "building": null,
            "apartmentNumber": null,
            "aptOrSuite": null
          },
          "ruleRouteNumber": null,
          "constructionYear": null,
          "legalAddress": null,
          "roofCode": null,
          "roofCodeDesc": null,
          "exteriorWallTypeCode": null,
          "exteriorWallTypeDesc": null,
          "roofTypeCode": null,
          "roofTypeDesc": null,
          "roofInstallYear": null
        },
        "damages": {
          "damageId": "E3B07B25404E2097",
          "priorDamageInd": null,
          "priorDamagesDesc": null,
          "totalLossInd": "Y",
          "glassDamageInd": "N",
          "fluidLeakInd": "N",
          "rollOverInd": "N",
          "doorsOpenInd": "N",
          "additionalDamageDesc": null,
          "itemUsableIndicator": "Y",
          "rscEquipUSDIndicator": "N",
          "towSceneRemovalIndicator": "Y",
          "repairStatusCode": null,
          "repairStatusDesc": null,
          "calculatedDamageScoreCode": "04",
          "calculatedDamageScoreDescription": "Possible Total Loss",
          "totalLossScore": "38",
          "rear": [
            "Bumper"
          ],
          "driverSideExterior": [
            "Front Fender"
          ],
          "front": [
            "Bumper"
          ],
          "interior": [
            "Air Bags"
          ]
        },
        "other": {
          "itemId": null,
          "itemCode": null,
          "modelYear": null,
          "make": null,
          "model": null,
          "vin": null,
          "serialNumber": null,
          "length": null,
          "colorCode": null,
          "licensePlate": null,
          "licensePlateState": null
        },
        "trailer": {
          "make": null,
          "model": null,
          "year": null,
          "vin": null,
          "originalCost": null,
          "originalCurrency": null,
          "purchaseYear": null,
          "purchaseNew": null,
          "lengthCnt": null
        },
        "watercraft": {
          "year": null,
          "make": null,
          "model": null,
          "vin": null,
          "compositionCode": null,
          "compositionCodeDescription": null,
          "typeCode": null,
          "typeCodeDescription": null,
          "colorCode": null,
          "colorCodeDescription": null,
          "propulsionCode": null,
          "lengthCnt": null,
          "originalCostAmount": null,
          "currencyCode": null,
          "purchaseYear": null,
          "purchasedNewIndicator": null,
          "horsepowerNumber": null,
          "ownershipCode": null,
          "usageCode": null,
          "lrsWatercraftTypeCode": null,
          "insuredIndicator": null
        },
        "participants": [
          {
            "legacyInvolvedId": "05",
            "roles": [
              {
                "code": "OWNR",
                "description": "Owner"
              },
              {
                "code": "DRVR",
                "description": "Driver"
              },
              {
                "code": "CMT",
                "description": "Claimant"
              }
            ]
          }
        ]
      }
    ],
    "participants": [
      {
        "legacyInvolvedId": "01",
        "insInvolvementId": "94493C289B68B398",
        "rptTaxId": "321848996",
        "emailPrefInd": null,
        "reportedDateOfBirth": "1989-12-31 00:00:00.0",
        "reportedGender": "M",
        "client": {
          "icsPartyId": null,
          "hrmPartyId": "055532963300015",
          "taxID": null,
          "taxIdIndicator": "N",
          "firstName": "LEON",
          "middleName": null,
          "lastName": "DAVIS",
          "organizationName": null,
          "dateOfBirth": "1989-12-22 00:00:00.0",
          "gender": "F",
          "phoneNumber": "8130143377",
          "emailAddress": "ISDZXM@test.com",
          "streetAddress": "1206 ALLIANCE AVE APT B",
          "streetAddressLine2": null,
          "city": "ROCKFORD",
          "state": "IL",
          "zip": "611012509",
          "beginDate": "2011-04-03 00:00:00.0",
          "driversLicenseNumber": null,
          "prefLanguageCode": "EN",
          "prefLanguageDescription": "English",
          "medicalprovider": []
        },
        "line": [
          {
            "lineId": "3975779D4D92357B",
            "handlingStatus": "Open",
            "lineType": "Comprehensive (Full)",
            "lineTypeCode": "NHH21",
            "lineCategory": null,
            "lineCategoryDescription": null,
            "financialStatus": "Open",
            "legacyCoverageCode": "HH",
            "coverageHandlingCode": "CP",
            "coverageHandlingDescription": "Comprehensive",
            "pariticipantId": "94493C289B68B398",
            "claimantRoleId": "7644B6B8FBE4C37D",
            "medicalEligibleInd": null,
            "eligibleInjuredPartyInd": null,
            "ormIndicator": null,
            "subrogation": {
              "subroInd": "N",
              "subroStatusCode": null,
              "subroStatusDescription": null,
              "salvageStatusCode": "PO",
              "salvageStatusDescription": "Potential"
            },
            "siuStatus": {
              "siuStatusCode": null,
              "siuStatusDescription": null
            }
          },
          {
            "lineId": "A1472FFCDEA21A16",
            "handlingStatus": "Open",
            "lineType": "Collision",
            "lineTypeCode": "NDD21",
            "lineCategory": null,
            "lineCategoryDescription": null,
            "financialStatus": "Open",
            "legacyCoverageCode": "DD",
            "coverageHandlingCode": "UL",
            "coverageHandlingDescription": "Unclear Liability",
            "pariticipantId": "94493C289B68B398",
            "claimantRoleId": "7644B6B8FBE4C37D",
            "medicalEligibleInd": null,
            "eligibleInjuredPartyInd": null,
            "ormIndicator": null,
            "subrogation": {
              "subroInd": null,
              "subroStatusCode": null,
              "subroStatusDescription": null,
              "salvageStatusCode": null,
              "salvageStatusDescription": null
            },
            "siuStatus": {
              "siuStatusCode": null,
              "siuStatusDescription": null
            }
          }
        ],
        "involvementRole": [
          {
            "insInvolvedId": "94493C289B68B398",
            "involvementRole": "PIN",
            "involvementRoleDescription": "Insured",
            "involvementRoleAssociations": []
          },
          {
            "insInvolvedId": "94493C289B68B398",
            "involvementRole": "DRVR",
            "involvementRoleDescription": "Driver",
            "involvementRoleAssociations": []
          },
          {
            "insInvolvedId": "94493C289B68B398",
            "involvementRole": "OWNR",
            "involvementRoleDescription": "Owner",
            "involvementRoleAssociations": []
          }
        ],
        "liabilities": [],
        "deceasedCd": null,
        "dateOfDeath": null,
        "citations": []
      },
      {
        "legacyInvolvedId": "06",
        "insInvolvementId": "26E322F2565C0082",
        "rptTaxId": "358560716",
        "emailPrefInd": null,
        "reportedDateOfBirth": "1959-12-31 00:00:00.0",
        "reportedGender": null,
        "client": {
          "icsPartyId": "083325431000014",
          "hrmPartyId": "083325431000014",
          "taxID": "358560716",
          "taxIdIndicator": "N",
          "firstName": "JONATHAN",
          "middleName": null,
          "lastName": "WHITE",
          "organizationName": null,
          "dateOfBirth": "1959-12-09 00:00:00.0",
          "gender": null,
          "phoneNumber": "4932822439",
          "emailAddress": "VZRUIN@test.com",
          "streetAddress": "3220 SANDERS RD",
          "streetAddressLine2": null,
          "city": "NORTHBROOK",
          "state": "IL",
          "zip": "600627129",
          "beginDate": "1969-05-03 00:00:00.0",
          "driversLicenseNumber": null,
          "prefLanguageCode": "EN",
          "prefLanguageDescription": "English",
          "medicalprovider": []
        },
        "line": [
          {
            "lineId": "58D663E425A8FF3C",
            "handlingStatus": "Open",
            "lineType": "Property Damage Liability",
            "lineTypeCode": "NBB21",
            "lineCategory": null,
            "lineCategoryDescription": null,
            "financialStatus": "Closed",
            "legacyCoverageCode": "BB",
            "coverageHandlingCode": "UL",
            "coverageHandlingDescription": "Unclear Liability",
            "pariticipantId": "26E322F2565C0082",
            "claimantRoleId": "1CA241CFBBEC0A47",
            "medicalEligibleInd": null,
            "eligibleInjuredPartyInd": null,
            "ormIndicator": null,
            "subrogation": {
              "subroInd": "N",
              "subroStatusCode": null,
              "subroStatusDescription": null,
              "salvageStatusCode": "R",
              "salvageStatusDescription": "Recovery"
            },
            "siuStatus": {
              "siuStatusCode": null,
              "siuStatusDescription": null
            }
          }
        ],
        "involvementRole": [
          {
            "insInvolvedId": "26E322F2565C0082",
            "involvementRole": "OWNR",
            "involvementRoleDescription": "Owner",
            "involvementRoleAssociations": []
          },
          {
            "insInvolvedId": "26E322F2565C0082",
            "involvementRole": "DRVR",
            "involvementRoleDescription": "Driver",
            "involvementRoleAssociations": []
          },
          {
            "insInvolvedId": "26E322F2565C0082",
            "involvementRole": "CMT",
            "involvementRoleDescription": "Claimant",
            "involvementRoleAssociations": []
          }
        ],
        "liabilities": [],
        "deceasedCd": null,
        "dateOfDeath": null,
        "citations": []
      },
      {
        "legacyInvolvedId": "04",
        "insInvolvementId": "5BBFE8F8402B1D7D",
        "rptTaxId": null,
        "emailPrefInd": null,
        "reportedDateOfBirth": null,
        "reportedGender": null,
        "client": {
          "icsPartyId": "079073000400300",
          "hrmPartyId": "079073000400300",
          "taxID": null,
          "taxIdIndicator": "N",
          "firstName": "JAMES",
          "middleName": null,
          "lastName": "BLACK II",
          "organizationName": null,
          "dateOfBirth": null,
          "gender": null,
          "phoneNumber": null,
          "emailAddress": "PHGVWF@test.com",
          "streetAddress": "JamesBlack II",
          "streetAddressLine2": null,
          "city": "SCHAUMBERG",
          "state": "IL",
          "zip": "60010",
          "beginDate": "2011-09-01 00:00:00.0",
          "driversLicenseNumber": null,
          "prefLanguageCode": "EN",
          "prefLanguageDescription": "English",
          "medicalprovider": []
        },
        "line": [
          {
            "lineId": "9FD6DB6338FEB6AA",
            "handlingStatus": "Open",
            "lineType": "Property Damage Liability",
            "lineTypeCode": "NBB21",
            "lineCategory": null,
            "lineCategoryDescription": null,
            "financialStatus": "Open",
            "legacyCoverageCode": "BB",
            "coverageHandlingCode": "UL",
            "coverageHandlingDescription": "Unclear Liability",
            "pariticipantId": "5BBFE8F8402B1D7D",
            "claimantRoleId": "0025F321B8450476",
            "medicalEligibleInd": null,
            "eligibleInjuredPartyInd": null,
            "ormIndicator": null,
            "subrogation": {
              "subroInd": null,
              "subroStatusCode": null,
              "subroStatusDescription": null,
              "salvageStatusCode": null,
              "salvageStatusDescription": null
            },
            "siuStatus": {
              "siuStatusCode": null,
              "siuStatusDescription": null
            }
          }
        ],
        "involvementRole": [
          {
            "insInvolvedId": "5BBFE8F8402B1D7D",
            "involvementRole": "DRVR",
            "involvementRoleDescription": "Driver",
            "involvementRoleAssociations": []
          },
          {
            "insInvolvedId": "5BBFE8F8402B1D7D",
            "involvementRole": "OWNR",
            "involvementRoleDescription": "Owner",
            "involvementRoleAssociations": []
          },
          {
            "insInvolvedId": "5BBFE8F8402B1D7D",
            "involvementRole": "CMT",
            "involvementRoleDescription": "Claimant",
            "involvementRoleAssociations": []
          }
        ],
        "liabilities": [],
        "deceasedCd": null,
        "dateOfDeath": null,
        "citations": []
      },
      {
        "legacyInvolvedId": "05",
        "insInvolvementId": "07ACB555DF7C03DC",
        "rptTaxId": "088782301",
        "emailPrefInd": null,
        "reportedDateOfBirth": "1964-12-31 00:00:00.0",
        "reportedGender": null,
        "client": {
          "icsPartyId": null,
          "hrmPartyId": "022004781000014",
          "taxID": "088782301",
          "taxIdIndicator": "N",
          "firstName": "NORMA",
          "middleName": null,
          "lastName": "GRANADOS",
          "organizationName": null,
          "dateOfBirth": "1964-12-10 00:00:00.0",
          "gender": null,
          "phoneNumber": "8463297858",
          "emailAddress": "VTYBHV@test.com",
          "streetAddress": "2458 PUTNAM DR",
          "streetAddressLine2": null,
          "city": "EAST MEADOW",
          "state": "NY",
          "zip": "115542620",
          "beginDate": "2005-12-08 00:00:00.0",
          "driversLicenseNumber": null,
          "prefLanguageCode": null,
          "prefLanguageDescription": null,
          "medicalprovider": []
        },
        "line": [
          {
            "lineId": "2409D974442CAE59",
            "handlingStatus": "Open",
            "lineType": "Property Damage Liability",
            "lineTypeCode": "NBB21",
            "lineCategory": null,
            "lineCategoryDescription": null,
            "financialStatus": "Open",
            "legacyCoverageCode": "BB",
            "coverageHandlingCode": "UL",
            "coverageHandlingDescription": "Unclear Liability",
            "pariticipantId": "07ACB555DF7C03DC",
            "claimantRoleId": "72EB0205E774DAF8",
            "medicalEligibleInd": null,
            "eligibleInjuredPartyInd": null,
            "ormIndicator": null,
            "subrogation": {
              "subroInd": null,
              "subroStatusCode": null,
              "subroStatusDescription": null,
              "salvageStatusCode": null,
              "salvageStatusDescription": null
            },
            "siuStatus": {
              "siuStatusCode": null,
              "siuStatusDescription": null
            }
          }
        ],
        "involvementRole": [
          {
            "insInvolvedId": "07ACB555DF7C03DC",
            "involvementRole": "DRVR",
            "involvementRoleDescription": "Driver",
            "involvementRoleAssociations": []
          },
          {
            "insInvolvedId": "07ACB555DF7C03DC",
            "involvementRole": "OWNR",
            "involvementRoleDescription": "Owner",
            "involvementRoleAssociations": []
          },
          {
            "insInvolvedId": "07ACB555DF7C03DC",
            "involvementRole": "CMT",
            "involvementRoleDescription": "Claimant",
            "involvementRoleAssociations": []
          }
        ],
        "liabilities": [],
        "deceasedCd": null,
        "dateOfDeath": null,
        "citations": []
      },
      {
        "legacyInvolvedId": "02",
        "insInvolvementId": "175A845280887F52",
        "rptTaxId": null,
        "emailPrefInd": null,
        "reportedDateOfBirth": null,
        "reportedGender": null,
        "client": {
          "icsPartyId": "056026510400300",
          "hrmPartyId": "056026510400300",
          "taxID": null,
          "taxIdIndicator": "N",
          "firstName": "ADAM",
          "middleName": null,
          "lastName": "SMITH",
          "organizationName": null,
          "dateOfBirth": null,
          "gender": null,
          "phoneNumber": null,
          "emailAddress": null,
          "streetAddress": "BUFFALO",
          "streetAddressLine2": null,
          "city": "MINSK",
          "state": "IL",
          "zip": "123499875",
          "beginDate": "2016-06-03 00:00:00.0",
          "driversLicenseNumber": null,
          "prefLanguageCode": "ES",
          "prefLanguageDescription": "Spanish",
          "medicalprovider": []
        },
        "line": [
          {
            "lineId": "64A9295A1511CFBC",
            "handlingStatus": "Open",
            "lineType": "Property Damage Liability",
            "lineTypeCode": "NBB21",
            "lineCategory": null,
            "lineCategoryDescription": null,
            "financialStatus": "Open",
            "legacyCoverageCode": "BB",
            "coverageHandlingCode": "UL",
            "coverageHandlingDescription": "Unclear Liability",
            "pariticipantId": "175A845280887F52",
            "claimantRoleId": "F4C9233069301D89",
            "medicalEligibleInd": null,
            "eligibleInjuredPartyInd": null,
            "ormIndicator": null,
            "subrogation": {
              "subroInd": "N",
              "subroStatusCode": null,
              "subroStatusDescription": null,
              "salvageStatusCode": "PO",
              "salvageStatusDescription": "Potential"
            },
            "siuStatus": {
              "siuStatusCode": null,
              "siuStatusDescription": null
            }
          }
        ],
        "involvementRole": [
          {
            "insInvolvedId": "175A845280887F52",
            "involvementRole": "OWNR",
            "involvementRoleDescription": "Owner",
            "involvementRoleAssociations": []
          },
          {
            "insInvolvedId": "175A845280887F52",
            "involvementRole": "CMT",
            "involvementRoleDescription": "Claimant",
            "involvementRoleAssociations": []
          },
          {
            "insInvolvedId": "175A845280887F52",
            "involvementRole": "DRVR",
            "involvementRoleDescription": "Driver",
            "involvementRoleAssociations": []
          }
        ],
        "liabilities": [],
        "deceasedCd": null,
        "dateOfDeath": null,
        "citations": []
      },
      {
        "legacyInvolvedId": "03",
        "insInvolvementId": "49F780B04C09834D",
        "rptTaxId": null,
        "emailPrefInd": null,
        "reportedDateOfBirth": null,
        "reportedGender": null,
        "client": {
          "icsPartyId": "029091410400300",
          "hrmPartyId": "029091410400300",
          "taxID": null,
          "taxIdIndicator": "N",
          "firstName": "JOHN",
          "middleName": null,
          "lastName": "WAYNE",
          "organizationName": null,
          "dateOfBirth": null,
          "gender": null,
          "phoneNumber": "7674939331",
          "emailAddress": null,
          "streetAddress": "1781 SAINT JOHNS AVE",
          "streetAddressLine2": null,
          "city": "HIGHLAND PARK",
          "state": "IL",
          "zip": "600353532",
          "beginDate": "2016-04-13 00:00:00.0",
          "driversLicenseNumber": null,
          "prefLanguageCode": null,
          "prefLanguageDescription": null,
          "medicalprovider": []
        },
        "line": [
          {
            "lineId": "39628232AF40D1BF",
            "handlingStatus": "Open",
            "lineType": "Property Damage Liability",
            "lineTypeCode": "NBB21",
            "lineCategory": null,
            "lineCategoryDescription": null,
            "financialStatus": "Open",
            "legacyCoverageCode": "BB",
            "coverageHandlingCode": "UL",
            "coverageHandlingDescription": "Unclear Liability",
            "pariticipantId": "49F780B04C09834D",
            "claimantRoleId": "B79E76ADB28638E7",
            "medicalEligibleInd": null,
            "eligibleInjuredPartyInd": null,
            "ormIndicator": null,
            "subrogation": {
              "subroInd": null,
              "subroStatusCode": null,
              "subroStatusDescription": null,
              "salvageStatusCode": null,
              "salvageStatusDescription": null
            },
            "siuStatus": {
              "siuStatusCode": null,
              "siuStatusDescription": null
            }
          }
        ],
        "involvementRole": [
          {
            "insInvolvedId": "49F780B04C09834D",
            "involvementRole": "DRVR",
            "involvementRoleDescription": "Driver",
            "involvementRoleAssociations": []
          },
          {
            "insInvolvedId": "49F780B04C09834D",
            "involvementRole": "OWNR",
            "involvementRoleDescription": "Owner",
            "involvementRoleAssociations": []
          },
          {
            "insInvolvedId": "49F780B04C09834D",
            "involvementRole": "CMT",
            "involvementRoleDescription": "Claimant",
            "involvementRoleAssociations": []
          }
        ],
        "liabilities": [],
        "deceasedCd": null,
        "dateOfDeath": null,
        "citations": []
      },
      {
        "legacyInvolvedId": "07",
        "insInvolvementId": "8F20682A712B53FC",
        "rptTaxId": null,
        "emailPrefInd": null,
        "reportedDateOfBirth": null,
        "reportedGender": null,
        "client": {
          "icsPartyId": null,
          "hrmPartyId": null,
          "taxID": "942867490",
          "taxIdIndicator": "Y",
          "firstName": null,
          "middleName": null,
          "lastName": null,
          "organizationName": "COPART INC",
          "dateOfBirth": null,
          "gender": null,
          "phoneNumber": null,
          "emailAddress": null,
          "streetAddress": "4610 Westamerica Dr",
          "streetAddressLine2": "(null)",
          "city": "FAIRFIELD",
          "state": "CA",
          "zip": "945344186",
          "beginDate": null,
          "driversLicenseNumber": null,
          "prefLanguageCode": null,
          "prefLanguageDescription": null,
          "medicalprovider": []
        },
        "line": [],
        "involvementRole": [
          {
            "insInvolvedId": "8F20682A712B53FC",
            "involvementRole": "VENDR",
            "involvementRoleDescription": "Vendor",
            "involvementRoleAssociations": []
          }
        ],
        "liabilities": [],
        "deceasedCd": null,
        "dateOfDeath": null,
        "citations": []
      }
    ]
  }
}