{
  "result": "200 OK",
  "claimData": {
    "claim": {
      "claimNumber": "000178590469",
      "claimId": "83E7AAA47F602B1F",
      "claimStatus": "Open",
      "claimOpenedDate": "2017-09-11 00:44:23.0",
      "lossId": "87C3543360E6414B",
      "lossStateCode": "12",
      "lossState": "Illinois",
      "lossStreet": "Sanders",
      "lossAddress": null,
      "lossCity": "Northbrook",
      "lossZip": null,
      "lossReportedDate": "2017-09-11 00:45:19.0",
      "vehicleLocationCode": "08",
      "vehicleLocation": "Other",
      "lossDescription": null,
      "peril": null,
      "subPeril": null,
      "lossTypeCode": "02",
      "lossType": "Contact with other vehicle/property/other party",
      "lossTime": "11:00:00 UTC",
      "lossDate": "2017-04-01 00:00:00.0",
      "lossDetailTypeCode": "23",
      "lossDetailType": "Rear-end accident - Other party rear-ended insured",
      "lossCounty": "17031",
      "lossCountyDescription": "Cook",
      "lossISOCountry": "8A",
      "lossPhantomVehicleInd": "N",
      "reportedToAuthorities": "Y",
      "catastropheCategoryInd": "N",
      "hitAndRunInd": "N",
      "reportedByCode": "3",
      "reportedBy": "Agent",
      "lineOfBusinessCode": "LB01",
      "lineOfBusiness": "Auto - Personal",
      "goodHandsInd": "N",
      "policyId": "0C8266DA6E9706AB",
      "claimSensitivity": "Standard",
      "org": {
        "orgEntityID": "1A4258B4F4F14B68",
        "orgFirstNameUC": null,
        "orgLastNameUC": null,
        "corporateNameUC": "CHICAGO SOUTH",
        "ntid": " ",
        "performerInd": null
      },
      "csa": {
        "orgEntityID": "6335EC8BE577418F",
        "orgFirstNameUC": null,
        "orgLastNameUC": null,
        "corporateNameUC": "MIDWEST CSA",
        "ntid": null,
        "performerInd": null
      },
      "inputType": "INT",
      "inputTypeDescription": "Internet (ILR)",
      "rideShareClaimCd": null
    },
    "asset": [
      {
        "itemId": "1AECC710BB84F273",
        "type": "V",
        "assetTypeCode": "01",
        "assetTypeDescription": "Auto",
        "passengerInjuredInd": null,
        "itemDamagedInd": "Y",
        "estDamageInd": null,
        "passengerCount": null,
        "passengerCountCode": null,
        "subjectOfInsurance": "N",
        "vehicle": {
          "make": "ACURA",
          "model": "RDX",
          "year": "2008",
          "vin": null,
          "licensePlateState": null,
          "licensePlate": null,
          "color": null,
          "body": null,
          "odometer": {
            "count": null,
            "unit": "Miles"
          }
        },
        "itemSite": {
          "location": {
            "streetAddress": null,
            "city": null,
            "state": null,
            "zipcode": null,
            "county": null,
            "country": null,
            "phone": null,
            "siteDescription": null,
            "extraAddress": null,
            "inAccurateAddress": null,
            "poBox": null,
            "building": null,
            "apartmentNumber": null,
            "aptOrSuite": null
          },
          "ruleRouteNumber": null,
          "constructionYear": null,
          "legalAddress": null,
          "roofCode": null,
          "roofCodeDesc": null,
          "exteriorWallTypeCode": null,
          "exteriorWallTypeDesc": null,
          "roofTypeCode": null,
          "roofTypeDesc": null,
          "roofInstallYear": null
        },
        "damages": {
          "damageId": "7D11D5850A94AEE0",
          "priorDamageInd": "Y",
          "priorDamagesDesc": null,
          "totalLossInd": "N",
          "glassDamageInd": "N",
          "fluidLeakInd": "U",
          "rollOverInd": "U",
          "doorsOpenInd": "U",
          "additionalDamageDesc": null,
          "itemUsableIndicator": "U",
          "rscEquipUSDIndicator": "U",
          "towSceneRemovalIndicator": null,
          "repairStatusCode": null,
          "repairStatusDesc": null,
          "calculatedDamageScoreCode": null,
          "calculatedDamageScoreDescription": null,
          "totalLossScore": "0"
        },
        "other": {
          "itemId": null,
          "itemCode": null,
          "modelYear": null,
          "make": null,
          "model": null,
          "vin": null,
          "serialNumber": null,
          "length": null,
          "colorCode": null,
          "licensePlate": null,
          "licensePlateState": null
        },
        "trailer": {
          "make": null,
          "model": null,
          "year": null,
          "vin": null,
          "originalCost": null,
          "originalCurrency": null,
          "purchaseYear": null,
          "purchaseNew": null,
          "lengthCnt": null
        },
        "watercraft": {
          "year": null,
          "make": null,
          "model": null,
          "vin": null,
          "compositionCode": null,
          "compositionCodeDescription": null,
          "typeCode": null,
          "typeCodeDescription": null,
          "colorCode": null,
          "colorCodeDescription": null,
          "propulsionCode": null,
          "lengthCnt": null,
          "originalCostAmount": null,
          "currencyCode": null,
          "purchaseYear": null,
          "purchasedNewIndicator": null,
          "horsepowerNumber": null,
          "ownershipCode": null,
          "usageCode": null,
          "lrsWatercraftTypeCode": null,
          "insuredIndicator": null
        },
        "participants": [
          {
            "legacyInvolvedId": "02",
            "roles": [
              {
                "code": "CMT",
                "description": "Claimant"
              },
              {
                "code": "DRVR",
                "description": "Driver"
              },
              {
                "code": "OWNR",
                "description": "Owner"
              }
            ]
          }
        ]
      },
      {
        "itemId": "DDEAFE0557B2AC23",
        "type": "V",
        "assetTypeCode": "01",
        "assetTypeDescription": "Auto",
        "passengerInjuredInd": null,
        "itemDamagedInd": "Y",
        "estDamageInd": "Y",
        "passengerCount": null,
        "passengerCountCode": null,
        "subjectOfInsurance": "Y",
        "vehicle": {
          "make": "TOYOTA",
          "model": "COROLLA",
          "year": "2015",
          "vin": "2T1BURHE2FC409231",
          "licensePlateState": null,
          "licensePlate": null,
          "color": null,
          "body": null,
          "odometer": {
            "count": null,
            "unit": null
          }
        },
        "itemSite": {
          "location": {
            "streetAddress": "10605 SE 240TH S. APT 401",
            "city": "KENT",
            "state": "WA",
            "zipcode": "98031-4903",
            "county": "53033",
            "country": null,
            "phone": null,
            "siteDescription": null,
            "extraAddress": null,
            "inAccurateAddress": "N",
            "poBox": null,
            "building": null,
            "apartmentNumber": null,
            "aptOrSuite": null
          },
          "ruleRouteNumber": null,
          "constructionYear": "0",
          "legalAddress": null,
          "roofCode": null,
          "roofCodeDesc": null,
          "exteriorWallTypeCode": null,
          "exteriorWallTypeDesc": null,
          "roofTypeCode": null,
          "roofTypeDesc": null,
          "roofInstallYear": null
        },
        "damages": {
          "damageId": "5E9CE4C97D47F918",
          "priorDamageInd": "N",
          "priorDamagesDesc": null,
          "totalLossInd": "N",
          "glassDamageInd": "Y",
          "fluidLeakInd": "N",
          "rollOverInd": "N",
          "doorsOpenInd": "U",
          "additionalDamageDesc": null,
          "itemUsableIndicator": "Y",
          "rscEquipUSDIndicator": "N",
          "towSceneRemovalIndicator": "N",
          "repairStatusCode": null,
          "repairStatusDesc": null,
          "calculatedDamageScoreCode": "02",
          "calculatedDamageScoreDescription": "Moderate",
          "totalLossScore": "5",
          "rear": [
            "Body Panel",
            "Bumper",
            "Glass",
            "Trunk/Tailgate/Hatch"
          ]
        },
        "other": {
          "itemId": null,
          "itemCode": null,
          "modelYear": null,
          "make": null,
          "model": null,
          "vin": null,
          "serialNumber": null,
          "length": null,
          "colorCode": null,
          "licensePlate": null,
          "licensePlateState": null
        },
        "trailer": {
          "make": null,
          "model": null,
          "year": null,
          "vin": null,
          "originalCost": null,
          "originalCurrency": null,
          "purchaseYear": null,
          "purchaseNew": null,
          "lengthCnt": null
        },
        "watercraft": {
          "year": null,
          "make": null,
          "model": null,
          "vin": null,
          "compositionCode": null,
          "compositionCodeDescription": null,
          "typeCode": null,
          "typeCodeDescription": null,
          "colorCode": null,
          "colorCodeDescription": null,
          "propulsionCode": null,
          "lengthCnt": null,
          "originalCostAmount": null,
          "currencyCode": null,
          "purchaseYear": null,
          "purchasedNewIndicator": null,
          "horsepowerNumber": null,
          "ownershipCode": null,
          "usageCode": null,
          "lrsWatercraftTypeCode": null,
          "insuredIndicator": null
        },
        "participants": [
          {
            "legacyInvolvedId": "01",
            "roles": [
              {
                "code": "DRVR",
                "description": "Driver"
              },
              {
                "code": "PIN",
                "description": "Insured"
              },
              {
                "code": "OWNR",
                "description": "Owner"
              }
            ]
          }
        ]
      }
    ],
    "participants": [
      {
        "legacyInvolvedId": "01",
        "insInvolvementId": "1A24061C464876CA",
        "rptTaxId": "537355233",
        "emailPrefInd": null,
        "reportedDateOfBirth": "1984-12-31 00:00:00.0",
        "reportedGender": "M",
        "client": {
          "icsPartyId": "045346653200015",
          "hrmPartyId": "045346653200015",
          "taxID": "537398899",
          "taxIdIndicator": "N",
          "firstName": "MATTHEW",
          "middleName": "A",
          "lastName": "JANDAA",
          "organizationName": null,
          "dateOfBirth": "1984-11-12 00:00:00.0",
          "gender": "M",
          "phoneNumber": "9736274276",
          "emailAddress": "test@test.com",
          "streetAddress": "10605 SE 240TH ST APT 401",
          "streetAddressLine2": null,
          "city": "KENT",
          "state": "WA",
          "zip": "980314903",
          "beginDate": "2011-08-23 00:00:00.0",
          "driversLicenseNumber": null,
          "prefLanguageCode": null,
          "prefLanguageDescription": null,
          "medicalprovider": []
        },
        "line": [
          {
            "lineId": "751C507342E709DB",
            "handlingStatus": "Open",
            "lineType": "Medical Payments",
            "lineTypeCode": "NCC21",
            "lineCategory": null,
            "lineCategoryDescription": null,
            "financialStatus": "Open",
            "legacyCoverageCode": "CC",
            "coverageHandlingCode": "P1",
            "coverageHandlingDescription": "PIP/Med Pay - Limited Care",
            "pariticipantId": "1A24061C464876CA",
            "claimantRoleId": "86B26A79798D805C",
            "medicalEligibleInd": null,
            "eligibleInjuredPartyInd": null,
            "ormIndicator": null,
            "subrogation": {
              "subroInd": "Y",
              "subroStatusCode": "P",
              "subroStatusDescription": "Potential",
              "salvageStatusCode": null,
              "salvageStatusDescription": null
            },
            "siuStatus": {
              "siuStatusCode": null,
              "siuStatusDescription": null
            }
          },
          {
            "lineId": "F36E0C328CF3FAA9",
            "handlingStatus": "Open",
            "lineType": "Collision",
            "lineTypeCode": "NDD21",
            "lineCategory": null,
            "lineCategoryDescription": null,
            "financialStatus": "Open",
            "legacyCoverageCode": "DD",
            "coverageHandlingCode": "CI",
            "coverageHandlingDescription": "Clear Liability with Injury",
            "pariticipantId": "1A24061C464876CA",
            "claimantRoleId": "86B26A79798D805C",
            "medicalEligibleInd": null,
            "eligibleInjuredPartyInd": null,
            "ormIndicator": null,
            "subrogation": {
              "subroInd": "Y",
              "subroStatusCode": "P",
              "subroStatusDescription": "Potential",
              "salvageStatusCode": null,
              "salvageStatusDescription": null
            },
            "siuStatus": {
              "siuStatusCode": null,
              "siuStatusDescription": null
            }
          },
          {
            "lineId": "A03CE2956F2CAC71",
            "handlingStatus": "Open",
            "lineType": "Rental Reimbursement",
            "lineTypeCode": "NUU21",
            "lineCategory": null,
            "lineCategoryDescription": null,
            "financialStatus": "Open",
            "legacyCoverageCode": "UU",
            "coverageHandlingCode": "RP",
            "coverageHandlingDescription": "Rental Reimbursement with Injury",
            "pariticipantId": "1A24061C464876CA",
            "claimantRoleId": "86B26A79798D805C",
            "medicalEligibleInd": null,
            "eligibleInjuredPartyInd": null,
            "ormIndicator": null,
            "subrogation": {
              "subroInd": "Y",
              "subroStatusCode": "P",
              "subroStatusDescription": "Potential",
              "salvageStatusCode": null,
              "salvageStatusDescription": null
            },
            "siuStatus": {
              "siuStatusCode": null,
              "siuStatusDescription": null
            }
          },
          {
            "lineId": "16D3BB0F58FAB61C",
            "handlingStatus": "Open",
            "lineType": "Comprehensive (Full)",
            "lineTypeCode": "NHH21",
            "lineCategory": null,
            "lineCategoryDescription": null,
            "financialStatus": "Open",
            "legacyCoverageCode": "HH",
            "coverageHandlingCode": "CM",
            "coverageHandlingDescription": "Comprehensive with Injury",
            "pariticipantId": "1A24061C464876CA",
            "claimantRoleId": "86B26A79798D805C",
            "medicalEligibleInd": null,
            "eligibleInjuredPartyInd": null,
            "ormIndicator": null,
            "subrogation": {
              "subroInd": "Y",
              "subroStatusCode": "P",
              "subroStatusDescription": "Potential",
              "salvageStatusCode": null,
              "salvageStatusDescription": null
            },
            "siuStatus": {
              "siuStatusCode": null,
              "siuStatusDescription": null
            }
          }
        ],
        "involvementRole": [
          {
            "insInvolvedId": "1A24061C464876CA",
            "involvementRole": "DRVR",
            "involvementRoleDescription": "Driver",
            "involvementRoleAssociations": []
          },
          {
            "insInvolvedId": "1A24061C464876CA",
            "involvementRole": "OWNR",
            "involvementRoleDescription": "Owner",
            "involvementRoleAssociations": []
          },
          {
            "insInvolvedId": "1A24061C464876CA",
            "involvementRole": "PIN",
            "involvementRoleDescription": "Insured",
            "involvementRoleAssociations": []
          }
        ],
        "liabilities": [
          {
            "liabilityAffectedParty": null,
            "liabilityStatusCode": "04",
            "liabilityStatusDesc": "Appealed",
            "liabilityRangeBeginPercent": null,
            "liabilityRangeEndPercent": null,
            "finalLiabilityPercentage": 0
          },
          {
            "liabilityAffectedParty": "7C84D7CA6D3DC6B5",
            "liabilityStatusCode": "04",
            "liabilityStatusDesc": "Appealed",
            "liabilityRangeBeginPercent": "100",
            "liabilityRangeEndPercent": "100",
            "finalLiabilityPercentage": null
          }
        ],
        "deceasedCd": null,
        "dateOfDeath": null,
        "citations": []
      },
      {
        "legacyInvolvedId": "03",
        "insInvolvementId": "0645E0F2B48B381F",
        "rptTaxId": null,
        "emailPrefInd": null,
        "reportedDateOfBirth": null,
        "reportedGender": null,
        "client": {
          "icsPartyId": null,
          "hrmPartyId": null,
          "taxID": null,
          "taxIdIndicator": "Y",
          "firstName": null,
          "middleName": null,
          "lastName": null,
          "organizationName": "STATE FARM INS GROUP",
          "dateOfBirth": null,
          "gender": null,
          "phoneNumber": null,
          "emailAddress": null,
          "streetAddress": null,
          "streetAddressLine2": null,
          "city": null,
          "state": null,
          "zip": null,
          "beginDate": null,
          "driversLicenseNumber": null,
          "prefLanguageCode": "EN",
          "prefLanguageDescription": "English",
          "medicalprovider": []
        },
        "line": [],
        "involvementRole": [
          {
            "insInvolvedId": "0645E0F2B48B381F",
            "involvementRole": "VB",
            "involvementRoleDescription": "Third Party Carrier",
            "involvementRoleAssociations": [
              {
                "associatedParticipantId": "7C84D7CA6D3DC6B5",
                "associatedParticipantRoleCode": "CMT",
                "associatedParticipantRoleDescription": "Claimant",
                "lastUpdatedAssociatedTimeStamp": "2017-09-11 00:47:33.0"
              }
            ]
          }
        ],
        "liabilities": [],
        "deceasedCd": null,
        "dateOfDeath": null,
        "citations": []
      },
      {
        "legacyInvolvedId": "02",
        "insInvolvementId": "7C84D7CA6D3DC6B5",
        "rptTaxId": null,
        "emailPrefInd": null,
        "reportedDateOfBirth": null,
        "reportedGender": null,
        "client": {
          "icsPartyId": null,
          "hrmPartyId": null,
          "taxID": null,
          "taxIdIndicator": "N",
          "firstName": "OTHERTEST",
          "middleName": null,
          "lastName": "PARTYTEST",
          "organizationName": null,
          "dateOfBirth": null,
          "gender": null,
          "phoneNumber": "2104927680",
          "emailAddress": null,
          "streetAddress": "Address 1",
          "streetAddressLine2": null,
          "city": "Rolling Meadows",
          "state": "IL",
          "zip": "60008",
          "beginDate": null,
          "driversLicenseNumber": null,
          "prefLanguageCode": "EN",
          "prefLanguageDescription": "English",
          "medicalprovider": []
        },
        "line": [
          {
            "lineId": "30F8AC74112B37FF",
            "handlingStatus": "Closed",
            "lineType": "Property Damage Liability",
            "lineTypeCode": "NBB21",
            "lineCategory": null,
            "lineCategoryDescription": null,
            "financialStatus": "Closed",
            "legacyCoverageCode": "BB",
            "coverageHandlingCode": "CI",
            "coverageHandlingDescription": "Clear Liability with Injury",
            "pariticipantId": "7C84D7CA6D3DC6B5",
            "claimantRoleId": "D0747A396137590E",
            "medicalEligibleInd": null,
            "eligibleInjuredPartyInd": null,
            "ormIndicator": null,
            "subrogation": {
              "subroInd": null,
              "subroStatusCode": null,
              "subroStatusDescription": null,
              "salvageStatusCode": null,
              "salvageStatusDescription": null
            },
            "siuStatus": {
              "siuStatusCode": null,
              "siuStatusDescription": null
            }
          },
          {
            "lineId": "32B0B2EF82021632",
            "handlingStatus": "Closed",
            "lineType": "Bodily Injury Liability",
            "lineTypeCode": "NAA21",
            "lineCategory": null,
            "lineCategoryDescription": null,
            "financialStatus": "Closed",
            "legacyCoverageCode": "AA",
            "coverageHandlingCode": "C4",
            "coverageHandlingDescription": "Clear Liability-Unrepresented-Moderate",
            "pariticipantId": "7C84D7CA6D3DC6B5",
            "claimantRoleId": "D0747A396137590E",
            "medicalEligibleInd": null,
            "eligibleInjuredPartyInd": null,
            "ormIndicator": null,
            "subrogation": {
              "subroInd": null,
              "subroStatusCode": null,
              "subroStatusDescription": null,
              "salvageStatusCode": null,
              "salvageStatusDescription": null
            },
            "siuStatus": {
              "siuStatusCode": null,
              "siuStatusDescription": null
            }
          }
        ],
        "involvementRole": [
          {
            "insInvolvedId": "7C84D7CA6D3DC6B5",
            "involvementRole": "DRVR",
            "involvementRoleDescription": "Driver",
            "involvementRoleAssociations": []
          },
          {
            "insInvolvedId": "7C84D7CA6D3DC6B5",
            "involvementRole": "CMT",
            "involvementRoleDescription": "Claimant",
            "involvementRoleAssociations": []
          },
          {
            "insInvolvedId": "7C84D7CA6D3DC6B5",
            "involvementRole": "OWNR",
            "involvementRoleDescription": "Owner",
            "involvementRoleAssociations": []
          }
        ],
        "liabilities": [
          {
            "liabilityAffectedParty": "1A24061C464876CA",
            "liabilityStatusCode": "04",
            "liabilityStatusDesc": "Appealed",
            "liabilityRangeBeginPercent": "0",
            "liabilityRangeEndPercent": "0",
            "finalLiabilityPercentage": null
          }
        ],
        "deceasedCd": null,
        "dateOfDeath": null,
        "citations": []
      }
    ]
  }
}