{
  "result": "200 OK",
  "claimData": {
    "claim": {
      "claimNumber": "000178504734",
      "claimId": "0A565094524B531E",
      "claimStatus": "Open",
      "claimOpenedDate": "2017-06-13 04:59:08.0",
      "lossId": "DFE06C90D67D448A",
      "lossStateCode": "12",
      "lossState": "Illinois",
      "lossStreet": null,
      "lossAddress": null,
      "lossCity": "Philadelphia",
      "lossZip": null,
      "lossReportedDate": "2017-06-13 04:59:08.0",
      "vehicleLocationCode": "08",
      "vehicleLocation": "Other",
      "lossDescription": null,
      "peril": null,
      "subPeril": null,
      "lossTypeCode": "02",
      "lossType": "Contact with other vehicle/property/other party",
      "lossTime": "10:00:00 UTC",
      "lossDate": "2014-01-01 00:00:00.0",
      "lossDetailTypeCode": "09",
      "lossDetailType": "Changing lanes",
      "lossCounty": "17003",
      "lossCountyDescription": "Alexander",
      "lossISOCountry": "8A",
      "lossPhantomVehicleInd": "N",
      "reportedToAuthorities": "N",
      "catastropheCategoryInd": "N",
      "hitAndRunInd": "N",
      "reportedByCode": "2",
      "reportedBy": "Claimant",
      "lineOfBusinessCode": "LB01",
      "lineOfBusiness": "Auto - Personal",
      "goodHandsInd": "N",
      "policyId": "AA5ED3C08B07A3D5",
      "claimSensitivity": "Standard",
      "org": {
        "orgEntityID": "1A4258B4F4F14B68",
        "orgFirstNameUC": null,
        "orgLastNameUC": null,
        "corporateNameUC": "CHICAGO SOUTH",
        "ntid": " ",
        "performerInd": null
      },
      "csa": {
        "orgEntityID": "6335EC8BE577418F",
        "orgFirstNameUC": null,
        "orgLastNameUC": null,
        "corporateNameUC": "MIDWEST CSA",
        "ntid": null,
        "performerInd": null
      },
      "inputType": "ICL",
      "inputTypeDescription": "Inbound Call",
      "rideShareClaimCd": null
    },
    "asset": [
      {
        "itemId": "F6FFACE6EBC8A04D",
        "type": "V",
        "assetTypeCode": "01",
        "assetTypeDescription": "Auto",
        "passengerInjuredInd": null,
        "itemDamagedInd": "Y",
        "estDamageInd": null,
        "passengerCount": null,
        "passengerCountCode": null,
        "subjectOfInsurance": "N",
        "vehicle": {
          "make": "AUDI",
          "model": "A6 AVANT",
          "year": "2003",
          "vin": null,
          "licensePlateState": "IL",
          "licensePlate": null,
          "color": null,
          "body": null,
          "odometer": {
            "count": null,
            "unit": "Miles"
          }
        },
        "itemSite": {
          "location": {
            "streetAddress": null,
            "city": null,
            "state": null,
            "zipcode": null,
            "county": null,
            "country": null,
            "phone": null,
            "siteDescription": null,
            "extraAddress": null,
            "inAccurateAddress": null,
            "poBox": null,
            "building": null,
            "apartmentNumber": null,
            "aptOrSuite": null
          },
          "ruleRouteNumber": null,
          "constructionYear": null,
          "legalAddress": null,
          "roofCode": null,
          "roofCodeDesc": null,
          "exteriorWallTypeCode": null,
          "exteriorWallTypeDesc": null,
          "roofTypeCode": null,
          "roofTypeDesc": null,
          "roofInstallYear": null
        },
        "damages": {
          "damageId": "4696715FBB63ED8B",
          "priorDamageInd": null,
          "priorDamagesDesc": null,
          "totalLossInd": "Y",
          "glassDamageInd": "Y",
          "fluidLeakInd": "Y",
          "rollOverInd": "Y",
          "doorsOpenInd": "Y",
          "additionalDamageDesc": null,
          "itemUsableIndicator": "N",
          "rscEquipUSDIndicator": "Y",
          "towSceneRemovalIndicator": "Y",
          "repairStatusCode": null,
          "repairStatusDesc": null,
          "calculatedDamageScoreCode": "04",
          "calculatedDamageScoreDescription": "Possible Total Loss",
          "totalLossScore": "96",
          "rear": [
            "Glass"
          ],
          "other": [
            "Frame"
          ],
          "passengerSideExterior": [
            "Mirror"
          ],
          "driverSideExterior": [
            "Front Tire"
          ],
          "front": [
            "Bumper",
            "Hood",
            "Windshield"
          ],
          "interior": [
            "Air Bags"
          ]
        },
        "other": {
          "itemId": null,
          "itemCode": null,
          "modelYear": null,
          "make": null,
          "model": null,
          "vin": null,
          "serialNumber": null,
          "length": null,
          "colorCode": null,
          "licensePlate": null,
          "licensePlateState": null
        },
        "trailer": {
          "make": null,
          "model": null,
          "year": null,
          "vin": null,
          "originalCost": null,
          "originalCurrency": null,
          "purchaseYear": null,
          "purchaseNew": null,
          "lengthCnt": null
        },
        "watercraft": {
          "year": null,
          "make": null,
          "model": null,
          "vin": null,
          "compositionCode": null,
          "compositionCodeDescription": null,
          "typeCode": null,
          "typeCodeDescription": null,
          "colorCode": null,
          "colorCodeDescription": null,
          "propulsionCode": null,
          "lengthCnt": null,
          "originalCostAmount": null,
          "currencyCode": null,
          "purchaseYear": null,
          "purchasedNewIndicator": null,
          "horsepowerNumber": null,
          "ownershipCode": null,
          "usageCode": null,
          "lrsWatercraftTypeCode": null,
          "insuredIndicator": null
        },
        "participants": [
          {
            "legacyInvolvedId": "02",
            "roles": [
              {
                "code": "DRVR",
                "description": "Driver"
              },
              {
                "code": "CMT",
                "description": "Claimant"
              },
              {
                "code": "OWNR",
                "description": "Owner"
              }
            ]
          }
        ]
      },
      {
        "itemId": "B1764424D13C8019",
        "type": "V",
        "assetTypeCode": "01",
        "assetTypeDescription": "Auto",
        "passengerInjuredInd": null,
        "itemDamagedInd": "Y",
        "estDamageInd": null,
        "passengerCount": null,
        "passengerCountCode": null,
        "subjectOfInsurance": "N",
        "vehicle": {
          "make": "BENTLEY",
          "model": "ARNAGE",
          "year": "2005",
          "vin": null,
          "licensePlateState": null,
          "licensePlate": null,
          "color": null,
          "body": null,
          "odometer": {
            "count": null,
            "unit": null
          }
        },
        "itemSite": {
          "location": {
            "streetAddress": null,
            "city": null,
            "state": null,
            "zipcode": null,
            "county": null,
            "country": null,
            "phone": null,
            "siteDescription": null,
            "extraAddress": null,
            "inAccurateAddress": null,
            "poBox": null,
            "building": null,
            "apartmentNumber": null,
            "aptOrSuite": null
          },
          "ruleRouteNumber": null,
          "constructionYear": null,
          "legalAddress": null,
          "roofCode": null,
          "roofCodeDesc": null,
          "exteriorWallTypeCode": null,
          "exteriorWallTypeDesc": null,
          "roofTypeCode": null,
          "roofTypeDesc": null,
          "roofInstallYear": null
        },
        "damages": {
          "damageId": "F4343850481EDFC6",
          "priorDamageInd": "N",
          "priorDamagesDesc": null,
          "totalLossInd": "N",
          "glassDamageInd": "Y",
          "fluidLeakInd": "Y",
          "rollOverInd": "Y",
          "doorsOpenInd": "Y",
          "additionalDamageDesc": null,
          "itemUsableIndicator": "N",
          "rscEquipUSDIndicator": "N",
          "towSceneRemovalIndicator": "N",
          "repairStatusCode": null,
          "repairStatusDesc": null,
          "calculatedDamageScoreCode": "03",
          "calculatedDamageScoreDescription": "Major",
          "totalLossScore": "30",
          "rear": [
            "Glass"
          ],
          "passengerSideExterior": [
            "Front Fender",
            "Front Tire",
            "Mirror"
          ],
          "driverSideExterior": [
            "Front Fender",
            "Front Tire"
          ],
          "mechanical": [
            "Alarm System",
            "Battery",
            "Engine",
            "Fuel Tank",
            "Radiator"
          ],
          "front": [
            "Bumper",
            "Grille",
            "Windshield"
          ],
          "interior": [
            "Dashboard",
            "Seats/Upholstery",
            "Air Bags"
          ]
        },
        "other": {
          "itemId": null,
          "itemCode": null,
          "modelYear": null,
          "make": null,
          "model": null,
          "vin": null,
          "serialNumber": null,
          "length": null,
          "colorCode": null,
          "licensePlate": null,
          "licensePlateState": null
        },
        "trailer": {
          "make": null,
          "model": null,
          "year": null,
          "vin": null,
          "originalCost": null,
          "originalCurrency": null,
          "purchaseYear": null,
          "purchaseNew": null,
          "lengthCnt": null
        },
        "watercraft": {
          "year": null,
          "make": null,
          "model": null,
          "vin": null,
          "compositionCode": null,
          "compositionCodeDescription": null,
          "typeCode": null,
          "typeCodeDescription": null,
          "colorCode": null,
          "colorCodeDescription": null,
          "propulsionCode": null,
          "lengthCnt": null,
          "originalCostAmount": null,
          "currencyCode": null,
          "purchaseYear": null,
          "purchasedNewIndicator": null,
          "horsepowerNumber": null,
          "ownershipCode": null,
          "usageCode": null,
          "lrsWatercraftTypeCode": null,
          "insuredIndicator": null
        },
        "participants": [
          {
            "legacyInvolvedId": "01",
            "roles": [
              {
                "code": "DRVR",
                "description": "Driver"
              },
              {
                "code": "PIN",
                "description": "Insured"
              },
              {
                "code": "OWNR",
                "description": "Owner"
              }
            ]
          }
        ]
      },
      {
        "itemId": "48A751660379A123",
        "type": "V",
        "assetTypeCode": "01",
        "assetTypeDescription": "Auto",
        "passengerInjuredInd": null,
        "itemDamagedInd": "Y",
        "estDamageInd": null,
        "passengerCount": null,
        "passengerCountCode": null,
        "subjectOfInsurance": "N",
        "vehicle": {
          "make": "MAZDA",
          "model": "TRIBUTE",
          "year": "2003",
          "vin": null,
          "licensePlateState": null,
          "licensePlate": null,
          "color": null,
          "body": null,
          "odometer": {
            "count": null,
            "unit": null
          }
        },
        "itemSite": {
          "location": {
            "streetAddress": null,
            "city": null,
            "state": null,
            "zipcode": null,
            "county": null,
            "country": null,
            "phone": null,
            "siteDescription": null,
            "extraAddress": null,
            "inAccurateAddress": null,
            "poBox": null,
            "building": null,
            "apartmentNumber": null,
            "aptOrSuite": null
          },
          "ruleRouteNumber": null,
          "constructionYear": null,
          "legalAddress": null,
          "roofCode": null,
          "roofCodeDesc": null,
          "exteriorWallTypeCode": null,
          "exteriorWallTypeDesc": null,
          "roofTypeCode": null,
          "roofTypeDesc": null,
          "roofInstallYear": null
        },
        "damages": {
          "damageId": "26356816339A4957",
          "priorDamageInd": null,
          "priorDamagesDesc": null,
          "totalLossInd": "Y",
          "glassDamageInd": "Y",
          "fluidLeakInd": "Y",
          "rollOverInd": "Y",
          "doorsOpenInd": "Y",
          "additionalDamageDesc": null,
          "itemUsableIndicator": "N",
          "rscEquipUSDIndicator": "Y",
          "towSceneRemovalIndicator": "Y",
          "repairStatusCode": null,
          "repairStatusDesc": null,
          "calculatedDamageScoreCode": "04",
          "calculatedDamageScoreDescription": "Possible Total Loss",
          "totalLossScore": "87",
          "rear": [
            "Glass"
          ],
          "other": [
            "Roof",
            "Undercarriage",
            "Frame"
          ],
          "passengerSideExterior": [
            "Rear Door Glass",
            "Rear Quarter Panel",
            "Mirror"
          ],
          "driverSideExterior": [
            "Front Door Glass",
            "Mirror",
            "Rear Door",
            "Front Tire"
          ],
          "mechanical": [
            "Alarm System",
            "Engine"
          ],
          "front": [
            "Grille",
            "Headlight-Driver Side",
            "Hood",
            "Windshield",
            "Bumper"
          ],
          "interior": [
            "Air Bags"
          ]
        },
        "other": {
          "itemId": null,
          "itemCode": null,
          "modelYear": null,
          "make": null,
          "model": null,
          "vin": null,
          "serialNumber": null,
          "length": null,
          "colorCode": null,
          "licensePlate": null,
          "licensePlateState": null
        },
        "trailer": {
          "make": null,
          "model": null,
          "year": null,
          "vin": null,
          "originalCost": null,
          "originalCurrency": null,
          "purchaseYear": null,
          "purchaseNew": null,
          "lengthCnt": null
        },
        "watercraft": {
          "year": null,
          "make": null,
          "model": null,
          "vin": null,
          "compositionCode": null,
          "compositionCodeDescription": null,
          "typeCode": null,
          "typeCodeDescription": null,
          "colorCode": null,
          "colorCodeDescription": null,
          "propulsionCode": null,
          "lengthCnt": null,
          "originalCostAmount": null,
          "currencyCode": null,
          "purchaseYear": null,
          "purchasedNewIndicator": null,
          "horsepowerNumber": null,
          "ownershipCode": null,
          "usageCode": null,
          "lrsWatercraftTypeCode": null,
          "insuredIndicator": null
        },
        "participants": [
          {
            "legacyInvolvedId": "03",
            "roles": [
              {
                "code": "DRVR",
                "description": "Driver"
              },
              {
                "code": "CMT",
                "description": "Claimant"
              },
              {
                "code": "OWNR",
                "description": "Owner"
              }
            ]
          }
        ]
      },
      {
        "itemId": "AC0F4A79FD38B215",
        "type": "V",
        "assetTypeCode": "01",
        "assetTypeDescription": "Auto",
        "passengerInjuredInd": null,
        "itemDamagedInd": "Y",
        "estDamageInd": null,
        "passengerCount": null,
        "passengerCountCode": null,
        "subjectOfInsurance": "N",
        "vehicle": {
          "make": "HONDA",
          "model": "CIVIC",
          "year": "2001",
          "vin": null,
          "licensePlateState": null,
          "licensePlate": null,
          "color": null,
          "body": null,
          "odometer": {
            "count": null,
            "unit": "Miles"
          }
        },
        "itemSite": {
          "location": {
            "streetAddress": null,
            "city": null,
            "state": null,
            "zipcode": null,
            "county": null,
            "country": null,
            "phone": null,
            "siteDescription": null,
            "extraAddress": null,
            "inAccurateAddress": null,
            "poBox": null,
            "building": null,
            "apartmentNumber": null,
            "aptOrSuite": null
          },
          "ruleRouteNumber": null,
          "constructionYear": null,
          "legalAddress": null,
          "roofCode": null,
          "roofCodeDesc": null,
          "exteriorWallTypeCode": null,
          "exteriorWallTypeDesc": null,
          "roofTypeCode": null,
          "roofTypeDesc": null,
          "roofInstallYear": null
        },
        "damages": {
          "damageId": "3EDC09167244D2BC",
          "priorDamageInd": null,
          "priorDamagesDesc": null,
          "totalLossInd": "Y",
          "glassDamageInd": "N",
          "fluidLeakInd": "N",
          "rollOverInd": "N",
          "doorsOpenInd": "N",
          "additionalDamageDesc": null,
          "itemUsableIndicator": "N",
          "rscEquipUSDIndicator": "N",
          "towSceneRemovalIndicator": "Y",
          "repairStatusCode": null,
          "repairStatusDesc": null,
          "calculatedDamageScoreCode": "04",
          "calculatedDamageScoreDescription": "Possible Total Loss",
          "totalLossScore": "60",
          "passengerSideExterior": [
            "Front Fender"
          ],
          "driverSideExterior": [
            "Front Fender"
          ],
          "front": [
            "Bumper"
          ]
        },
        "other": {
          "itemId": null,
          "itemCode": null,
          "modelYear": null,
          "make": null,
          "model": null,
          "vin": null,
          "serialNumber": null,
          "length": null,
          "colorCode": null,
          "licensePlate": null,
          "licensePlateState": null
        },
        "trailer": {
          "make": null,
          "model": null,
          "year": null,
          "vin": null,
          "originalCost": null,
          "originalCurrency": null,
          "purchaseYear": null,
          "purchaseNew": null,
          "lengthCnt": null
        },
        "watercraft": {
          "year": null,
          "make": null,
          "model": null,
          "vin": null,
          "compositionCode": null,
          "compositionCodeDescription": null,
          "typeCode": null,
          "typeCodeDescription": null,
          "colorCode": null,
          "colorCodeDescription": null,
          "propulsionCode": null,
          "lengthCnt": null,
          "originalCostAmount": null,
          "currencyCode": null,
          "purchaseYear": null,
          "purchasedNewIndicator": null,
          "horsepowerNumber": null,
          "ownershipCode": null,
          "usageCode": null,
          "lrsWatercraftTypeCode": null,
          "insuredIndicator": null
        },
        "participants": [
          {
            "legacyInvolvedId": "05",
            "roles": [
              {
                "code": "CMT",
                "description": "Claimant"
              },
              {
                "code": "DRVR",
                "description": "Driver"
              },
              {
                "code": "OWNR",
                "description": "Owner"
              }
            ]
          }
        ]
      },
      {
        "itemId": "8A75AA5DCFFBE4E9",
        "type": "V",
        "assetTypeCode": "01",
        "assetTypeDescription": "Auto",
        "passengerInjuredInd": null,
        "itemDamagedInd": "Y",
        "estDamageInd": null,
        "passengerCount": null,
        "passengerCountCode": null,
        "subjectOfInsurance": "N",
        "vehicle": {
          "make": "AUDI",
          "model": "A6",
          "year": "2012",
          "vin": null,
          "licensePlateState": null,
          "licensePlate": null,
          "color": null,
          "body": null,
          "odometer": {
            "count": null,
            "unit": "Miles"
          }
        },
        "itemSite": {
          "location": {
            "streetAddress": null,
            "city": null,
            "state": null,
            "zipcode": null,
            "county": null,
            "country": null,
            "phone": null,
            "siteDescription": null,
            "extraAddress": null,
            "inAccurateAddress": null,
            "poBox": null,
            "building": null,
            "apartmentNumber": null,
            "aptOrSuite": null
          },
          "ruleRouteNumber": null,
          "constructionYear": null,
          "legalAddress": null,
          "roofCode": null,
          "roofCodeDesc": null,
          "exteriorWallTypeCode": null,
          "exteriorWallTypeDesc": null,
          "roofTypeCode": null,
          "roofTypeDesc": null,
          "roofInstallYear": null
        },
        "damages": {
          "damageId": "543DDFC337F4B9DC",
          "priorDamageInd": null,
          "priorDamagesDesc": null,
          "totalLossInd": "N",
          "glassDamageInd": "Y",
          "fluidLeakInd": "N",
          "rollOverInd": "N",
          "doorsOpenInd": "Y",
          "additionalDamageDesc": null,
          "itemUsableIndicator": "Y",
          "rscEquipUSDIndicator": "N",
          "towSceneRemovalIndicator": "Y",
          "repairStatusCode": null,
          "repairStatusDesc": null,
          "calculatedDamageScoreCode": "02",
          "calculatedDamageScoreDescription": "Moderate",
          "totalLossScore": "7",
          "rear": [
            "Body Panel",
            "Bumper",
            "Glass"
          ],
          "passengerSideExterior": [
            "Mirror"
          ],
          "driverSideExterior": [
            "Rear Door Glass"
          ],
          "front": [
            "Bumper"
          ]
        },
        "other": {
          "itemId": null,
          "itemCode": null,
          "modelYear": null,
          "make": null,
          "model": null,
          "vin": null,
          "serialNumber": null,
          "length": null,
          "colorCode": null,
          "licensePlate": null,
          "licensePlateState": null
        },
        "trailer": {
          "make": null,
          "model": null,
          "year": null,
          "vin": null,
          "originalCost": null,
          "originalCurrency": null,
          "purchaseYear": null,
          "purchaseNew": null,
          "lengthCnt": null
        },
        "watercraft": {
          "year": null,
          "make": null,
          "model": null,
          "vin": null,
          "compositionCode": null,
          "compositionCodeDescription": null,
          "typeCode": null,
          "typeCodeDescription": null,
          "colorCode": null,
          "colorCodeDescription": null,
          "propulsionCode": null,
          "lengthCnt": null,
          "originalCostAmount": null,
          "currencyCode": null,
          "purchaseYear": null,
          "purchasedNewIndicator": null,
          "horsepowerNumber": null,
          "ownershipCode": null,
          "usageCode": null,
          "lrsWatercraftTypeCode": null,
          "insuredIndicator": null
        },
        "participants": [
          {
            "legacyInvolvedId": "06",
            "roles": [
              {
                "code": "OWNR",
                "description": "Owner"
              },
              {
                "code": "DRVR",
                "description": "Driver"
              },
              {
                "code": "CMT",
                "description": "Claimant"
              }
            ]
          }
        ]
      },
      {
        "itemId": "DC8FDB3E0AA68242",
        "type": "V",
        "assetTypeCode": "01",
        "assetTypeDescription": "Auto",
        "passengerInjuredInd": null,
        "itemDamagedInd": "Y",
        "estDamageInd": null,
        "passengerCount": null,
        "passengerCountCode": null,
        "subjectOfInsurance": "N",
        "vehicle": {
          "make": "PORSCHE",
          "model": "BOXSTER",
          "year": "2000",
          "vin": null,
          "licensePlateState": null,
          "licensePlate": null,
          "color": null,
          "body": null,
          "odometer": {
            "count": null,
            "unit": "Miles"
          }
        },
        "itemSite": {
          "location": {
            "streetAddress": null,
            "city": null,
            "state": null,
            "zipcode": null,
            "county": null,
            "country": null,
            "phone": null,
            "siteDescription": null,
            "extraAddress": null,
            "inAccurateAddress": null,
            "poBox": null,
            "building": null,
            "apartmentNumber": null,
            "aptOrSuite": null
          },
          "ruleRouteNumber": null,
          "constructionYear": null,
          "legalAddress": null,
          "roofCode": null,
          "roofCodeDesc": null,
          "exteriorWallTypeCode": null,
          "exteriorWallTypeDesc": null,
          "roofTypeCode": null,
          "roofTypeDesc": null,
          "roofInstallYear": null
        },
        "damages": {
          "damageId": "C883DD6F35773E66",
          "priorDamageInd": null,
          "priorDamagesDesc": null,
          "totalLossInd": "Y",
          "glassDamageInd": "Y",
          "fluidLeakInd": "Y",
          "rollOverInd": "Y",
          "doorsOpenInd": "Y",
          "additionalDamageDesc": null,
          "itemUsableIndicator": "N",
          "rscEquipUSDIndicator": "Y",
          "towSceneRemovalIndicator": "Y",
          "repairStatusCode": null,
          "repairStatusDesc": null,
          "calculatedDamageScoreCode": "04",
          "calculatedDamageScoreDescription": "Possible Total Loss",
          "totalLossScore": "111",
          "rear": [
            "Glass"
          ],
          "other": [
            "Frame"
          ],
          "passengerSideExterior": [
            "Mirror"
          ],
          "driverSideExterior": [
            "Front Tire"
          ],
          "mechanical": [
            "Alarm System",
            "Battery",
            "Engine"
          ],
          "front": [
            "Bumper",
            "Hood",
            "Windshield"
          ],
          "interior": [
            "Air Bags"
          ]
        },
        "other": {
          "itemId": null,
          "itemCode": null,
          "modelYear": null,
          "make": null,
          "model": null,
          "vin": null,
          "serialNumber": null,
          "length": null,
          "colorCode": null,
          "licensePlate": null,
          "licensePlateState": null
        },
        "trailer": {
          "make": null,
          "model": null,
          "year": null,
          "vin": null,
          "originalCost": null,
          "originalCurrency": null,
          "purchaseYear": null,
          "purchaseNew": null,
          "lengthCnt": null
        },
        "watercraft": {
          "year": null,
          "make": null,
          "model": null,
          "vin": null,
          "compositionCode": null,
          "compositionCodeDescription": null,
          "typeCode": null,
          "typeCodeDescription": null,
          "colorCode": null,
          "colorCodeDescription": null,
          "propulsionCode": null,
          "lengthCnt": null,
          "originalCostAmount": null,
          "currencyCode": null,
          "purchaseYear": null,
          "purchasedNewIndicator": null,
          "horsepowerNumber": null,
          "ownershipCode": null,
          "usageCode": null,
          "lrsWatercraftTypeCode": null,
          "insuredIndicator": null
        },
        "participants": [
          {
            "legacyInvolvedId": "04",
            "roles": [
              {
                "code": "CMT",
                "description": "Claimant"
              },
              {
                "code": "OWNR",
                "description": "Owner"
              },
              {
                "code": "DRVR",
                "description": "Driver"
              }
            ]
          }
        ]
      }
    ],
    "participants": [
      {
        "legacyInvolvedId": "01",
        "insInvolvementId": "0A408B5632A89C8F",
        "rptTaxId": "321848996",
        "emailPrefInd": null,
        "reportedDateOfBirth": "1989-12-31 00:00:00.0",
        "reportedGender": "M",
        "client": {
          "icsPartyId": null,
          "hrmPartyId": "055532963300015",
          "taxID": null,
          "taxIdIndicator": "N",
          "firstName": "LEON",
          "middleName": null,
          "lastName": "DAVIS",
          "organizationName": null,
          "dateOfBirth": "1989-12-22 00:00:00.0",
          "gender": "F",
          "phoneNumber": "5299880023",
          "emailAddress": "SXSUYC@test.com",
          "streetAddress": "1206 ALLIANCE AVE APT B",
          "streetAddressLine2": null,
          "city": "ROCKFORD",
          "state": "IL",
          "zip": "611012509",
          "beginDate": "2011-04-03 00:00:00.0",
          "driversLicenseNumber": null,
          "prefLanguageCode": "EN",
          "prefLanguageDescription": "English",
          "medicalprovider": []
        },
        "line": [
          {
            "lineId": "9272ED27C45B1181",
            "handlingStatus": "Open",
            "lineType": "Collision",
            "lineTypeCode": "NDD21",
            "lineCategory": null,
            "lineCategoryDescription": null,
            "financialStatus": "Open",
            "legacyCoverageCode": "DD",
            "coverageHandlingCode": "UL",
            "coverageHandlingDescription": "Unclear Liability",
            "pariticipantId": "0A408B5632A89C8F",
            "claimantRoleId": "A4819C396560456E",
            "medicalEligibleInd": null,
            "eligibleInjuredPartyInd": null,
            "ormIndicator": null,
            "subrogation": {
              "subroInd": null,
              "subroStatusCode": null,
              "subroStatusDescription": null,
              "salvageStatusCode": null,
              "salvageStatusDescription": null
            },
            "siuStatus": {
              "siuStatusCode": null,
              "siuStatusDescription": null
            }
          },
          {
            "lineId": "DEB4BFCF2BFF0F89",
            "handlingStatus": "Open",
            "lineType": "Comprehensive (Full)",
            "lineTypeCode": "NHH21",
            "lineCategory": null,
            "lineCategoryDescription": null,
            "financialStatus": "Open",
            "legacyCoverageCode": "HH",
            "coverageHandlingCode": "CP",
            "coverageHandlingDescription": "Comprehensive",
            "pariticipantId": "0A408B5632A89C8F",
            "claimantRoleId": "A4819C396560456E",
            "medicalEligibleInd": null,
            "eligibleInjuredPartyInd": null,
            "ormIndicator": null,
            "subrogation": {
              "subroInd": "N",
              "subroStatusCode": null,
              "subroStatusDescription": null,
              "salvageStatusCode": "PO",
              "salvageStatusDescription": "Potential"
            },
            "siuStatus": {
              "siuStatusCode": null,
              "siuStatusDescription": null
            }
          }
        ],
        "involvementRole": [
          {
            "insInvolvedId": "0A408B5632A89C8F",
            "involvementRole": "OWNR",
            "involvementRoleDescription": "Owner",
            "involvementRoleAssociations": []
          },
          {
            "insInvolvedId": "0A408B5632A89C8F",
            "involvementRole": "DRVR",
            "involvementRoleDescription": "Driver",
            "involvementRoleAssociations": []
          },
          {
            "insInvolvedId": "0A408B5632A89C8F",
            "involvementRole": "PIN",
            "involvementRoleDescription": "Insured",
            "involvementRoleAssociations": []
          }
        ],
        "liabilities": [
          {
            "liabilityAffectedParty": "F1C8DDD79118821E",
            "liabilityStatusCode": "01",
            "liabilityStatusDesc": "Open",
            "liabilityRangeBeginPercent": "0",
            "liabilityRangeEndPercent": "0",
            "finalLiabilityPercentage": null
          },
          {
            "liabilityAffectedParty": "56FA755EB07A2837",
            "liabilityStatusCode": "01",
            "liabilityStatusDesc": "Open",
            "liabilityRangeBeginPercent": "0",
            "liabilityRangeEndPercent": "0",
            "finalLiabilityPercentage": null
          },
          {
            "liabilityAffectedParty": "8BFC977478412B6C",
            "liabilityStatusCode": "01",
            "liabilityStatusDesc": "Open",
            "liabilityRangeBeginPercent": "0",
            "liabilityRangeEndPercent": "0",
            "finalLiabilityPercentage": null
          },
          {
            "liabilityAffectedParty": "94DA30FC745FBFF8",
            "liabilityStatusCode": "01",
            "liabilityStatusDesc": "Open",
            "liabilityRangeBeginPercent": "0",
            "liabilityRangeEndPercent": "0",
            "finalLiabilityPercentage": null
          },
          {
            "liabilityAffectedParty": "C430B866C854E5D8",
            "liabilityStatusCode": "01",
            "liabilityStatusDesc": "Open",
            "liabilityRangeBeginPercent": "0",
            "liabilityRangeEndPercent": "0",
            "finalLiabilityPercentage": null
          }
        ],
        "deceasedCd": null,
        "dateOfDeath": null,
        "citations": []
      },
      {
        "legacyInvolvedId": "05",
        "insInvolvementId": "94DA30FC745FBFF8",
        "rptTaxId": "088782301",
        "emailPrefInd": null,
        "reportedDateOfBirth": "1964-12-31 00:00:00.0",
        "reportedGender": null,
        "client": {
          "icsPartyId": null,
          "hrmPartyId": "022004781000014",
          "taxID": "088782301",
          "taxIdIndicator": "N",
          "firstName": "NORMA",
          "middleName": null,
          "lastName": "GRANADOS",
          "organizationName": null,
          "dateOfBirth": "1964-12-10 00:00:00.0",
          "gender": null,
          "phoneNumber": "8921323955",
          "emailAddress": "VTYBHV@test.com",
          "streetAddress": "60 PORTLAND PL",
          "streetAddressLine2": null,
          "city": "YONKERS",
          "state": "NY",
          "zip": "107032206",
          "beginDate": "2005-12-08 00:00:00.0",
          "driversLicenseNumber": null,
          "prefLanguageCode": null,
          "prefLanguageDescription": null,
          "medicalprovider": []
        },
        "line": [
          {
            "lineId": "B54A392552003173",
            "handlingStatus": "Open",
            "lineType": "Property Damage Liability",
            "lineTypeCode": "NBB21",
            "lineCategory": null,
            "lineCategoryDescription": null,
            "financialStatus": "Open",
            "legacyCoverageCode": "BB",
            "coverageHandlingCode": "UL",
            "coverageHandlingDescription": "Unclear Liability",
            "pariticipantId": "94DA30FC745FBFF8",
            "claimantRoleId": "44D215D9D6D8DEF2",
            "medicalEligibleInd": null,
            "eligibleInjuredPartyInd": null,
            "ormIndicator": null,
            "subrogation": {
              "subroInd": "N",
              "subroStatusCode": null,
              "subroStatusDescription": null,
              "salvageStatusCode": "PO",
              "salvageStatusDescription": "Potential"
            },
            "siuStatus": {
              "siuStatusCode": null,
              "siuStatusDescription": null
            }
          }
        ],
        "involvementRole": [
          {
            "insInvolvedId": "94DA30FC745FBFF8",
            "involvementRole": "OWNR",
            "involvementRoleDescription": "Owner",
            "involvementRoleAssociations": []
          },
          {
            "insInvolvedId": "94DA30FC745FBFF8",
            "involvementRole": "DRVR",
            "involvementRoleDescription": "Driver",
            "involvementRoleAssociations": []
          },
          {
            "insInvolvedId": "94DA30FC745FBFF8",
            "involvementRole": "CMT",
            "involvementRoleDescription": "Claimant",
            "involvementRoleAssociations": []
          }
        ],
        "liabilities": [
          {
            "liabilityAffectedParty": "0A408B5632A89C8F",
            "liabilityStatusCode": "01",
            "liabilityStatusDesc": "Open",
            "liabilityRangeBeginPercent": "0",
            "liabilityRangeEndPercent": "0",
            "finalLiabilityPercentage": null
          }
        ],
        "deceasedCd": null,
        "dateOfDeath": null,
        "citations": []
      },
      {
        "legacyInvolvedId": "07",
        "insInvolvementId": "F34960F48F57F369",
        "rptTaxId": null,
        "emailPrefInd": null,
        "reportedDateOfBirth": null,
        "reportedGender": null,
        "client": {
          "icsPartyId": null,
          "hrmPartyId": null,
          "taxID": "942867490",
          "taxIdIndicator": "Y",
          "firstName": null,
          "middleName": null,
          "lastName": null,
          "organizationName": "COPART INC",
          "dateOfBirth": null,
          "gender": null,
          "phoneNumber": null,
          "emailAddress": "NPCHDJ@test.com",
          "streetAddress": "4610 Westamerica Dr",
          "streetAddressLine2": "(null)",
          "city": "FAIRFIELD",
          "state": "CA",
          "zip": "945344186",
          "beginDate": null,
          "driversLicenseNumber": null,
          "prefLanguageCode": null,
          "prefLanguageDescription": null,
          "medicalprovider": []
        },
        "line": [],
        "involvementRole": [
          {
            "insInvolvedId": "F34960F48F57F369",
            "involvementRole": "VENDR",
            "involvementRoleDescription": "Vendor",
            "involvementRoleAssociations": []
          }
        ],
        "liabilities": [],
        "deceasedCd": null,
        "dateOfDeath": null,
        "citations": []
      },
      {
        "legacyInvolvedId": "06",
        "insInvolvementId": "8BFC977478412B6C",
        "rptTaxId": "521735812",
        "emailPrefInd": null,
        "reportedDateOfBirth": "1989-12-31 00:00:00.0",
        "reportedGender": "M",
        "client": {
          "icsPartyId": "040003710400300",
          "hrmPartyId": "040003710400300",
          "taxID": null,
          "taxIdIndicator": "N",
          "firstName": "JONATHAN",
          "middleName": "L",
          "lastName": "WHITE",
          "organizationName": null,
          "dateOfBirth": "1989-09-06 00:00:00.0",
          "gender": "M",
          "phoneNumber": "2929148118",
          "emailAddress": "UDJRTE@test.com",
          "streetAddress": "ILLINOIS",
          "streetAddressLine2": null,
          "city": "ILLINOIS",
          "state": "IL",
          "zip": "60656",
          "beginDate": "2017-01-24 00:00:00.0",
          "driversLicenseNumber": null,
          "prefLanguageCode": null,
          "prefLanguageDescription": null,
          "medicalprovider": []
        },
        "line": [
          {
            "lineId": "517B574261F645BF",
            "handlingStatus": "Open",
            "lineType": "Property Damage Liability",
            "lineTypeCode": "NBB21",
            "lineCategory": null,
            "lineCategoryDescription": null,
            "financialStatus": "Open",
            "legacyCoverageCode": "BB",
            "coverageHandlingCode": "UL",
            "coverageHandlingDescription": "Unclear Liability",
            "pariticipantId": "8BFC977478412B6C",
            "claimantRoleId": "F307674957E71A38",
            "medicalEligibleInd": null,
            "eligibleInjuredPartyInd": null,
            "ormIndicator": null,
            "subrogation": {
              "subroInd": null,
              "subroStatusCode": null,
              "subroStatusDescription": null,
              "salvageStatusCode": null,
              "salvageStatusDescription": null
            },
            "siuStatus": {
              "siuStatusCode": null,
              "siuStatusDescription": null
            }
          }
        ],
        "involvementRole": [
          {
            "insInvolvedId": "8BFC977478412B6C",
            "involvementRole": "CMT",
            "involvementRoleDescription": "Claimant",
            "involvementRoleAssociations": []
          },
          {
            "insInvolvedId": "8BFC977478412B6C",
            "involvementRole": "DRVR",
            "involvementRoleDescription": "Driver",
            "involvementRoleAssociations": []
          },
          {
            "insInvolvedId": "8BFC977478412B6C",
            "involvementRole": "OWNR",
            "involvementRoleDescription": "Owner",
            "involvementRoleAssociations": []
          }
        ],
        "liabilities": [
          {
            "liabilityAffectedParty": "0A408B5632A89C8F",
            "liabilityStatusCode": "01",
            "liabilityStatusDesc": "Open",
            "liabilityRangeBeginPercent": "0",
            "liabilityRangeEndPercent": "0",
            "finalLiabilityPercentage": null
          }
        ],
        "deceasedCd": null,
        "dateOfDeath": null,
        "citations": []
      },
      {
        "legacyInvolvedId": "02",
        "insInvolvementId": "56FA755EB07A2837",
        "rptTaxId": null,
        "emailPrefInd": null,
        "reportedDateOfBirth": "1985-12-31 00:00:00.0",
        "reportedGender": "M",
        "client": {
          "icsPartyId": "055359710400300",
          "hrmPartyId": "055359710400300",
          "taxID": "328767504",
          "taxIdIndicator": "N",
          "firstName": "ADAM",
          "middleName": null,
          "lastName": "SMITH",
          "organizationName": null,
          "dateOfBirth": "1985-06-07 00:00:00.0",
          "gender": "M",
          "phoneNumber": "1546178206",
          "emailAddress": "AZCGMI@test.com",
          "streetAddress": "1405 N 10TH ST",
          "streetAddressLine2": null,
          "city": "PEKIN",
          "state": "IL",
          "zip": "615542110",
          "beginDate": "2017-03-27 00:00:00.0",
          "driversLicenseNumber": null,
          "prefLanguageCode": "EN",
          "prefLanguageDescription": "English",
          "medicalprovider": []
        },
        "line": [
          {
            "lineId": "101E17DFD344A668",
            "handlingStatus": "Open",
            "lineType": "Property Damage Liability",
            "lineTypeCode": "NBB21",
            "lineCategory": null,
            "lineCategoryDescription": null,
            "financialStatus": "Open",
            "legacyCoverageCode": "BB",
            "coverageHandlingCode": "UL",
            "coverageHandlingDescription": "Unclear Liability",
            "pariticipantId": "56FA755EB07A2837",
            "claimantRoleId": "EFF6214819CBB45C",
            "medicalEligibleInd": null,
            "eligibleInjuredPartyInd": null,
            "ormIndicator": null,
            "subrogation": {
              "subroInd": null,
              "subroStatusCode": null,
              "subroStatusDescription": null,
              "salvageStatusCode": null,
              "salvageStatusDescription": null
            },
            "siuStatus": {
              "siuStatusCode": null,
              "siuStatusDescription": null
            }
          }
        ],
        "involvementRole": [
          {
            "insInvolvedId": "56FA755EB07A2837",
            "involvementRole": "CMT",
            "involvementRoleDescription": "Claimant",
            "involvementRoleAssociations": []
          },
          {
            "insInvolvedId": "56FA755EB07A2837",
            "involvementRole": "OWNR",
            "involvementRoleDescription": "Owner",
            "involvementRoleAssociations": []
          },
          {
            "insInvolvedId": "56FA755EB07A2837",
            "involvementRole": "DRVR",
            "involvementRoleDescription": "Driver",
            "involvementRoleAssociations": []
          }
        ],
        "liabilities": [
          {
            "liabilityAffectedParty": "0A408B5632A89C8F",
            "liabilityStatusCode": "01",
            "liabilityStatusDesc": "Open",
            "liabilityRangeBeginPercent": "0",
            "liabilityRangeEndPercent": "0",
            "finalLiabilityPercentage": null
          }
        ],
        "deceasedCd": null,
        "dateOfDeath": null,
        "citations": []
      },
      {
        "legacyInvolvedId": "04",
        "insInvolvementId": "F1C8DDD79118821E",
        "rptTaxId": null,
        "emailPrefInd": null,
        "reportedDateOfBirth": null,
        "reportedGender": null,
        "client": {
          "icsPartyId": "079073000400300",
          "hrmPartyId": "079073000400300",
          "taxID": null,
          "taxIdIndicator": "N",
          "firstName": "JAMES",
          "middleName": null,
          "lastName": "BLACK II",
          "organizationName": null,
          "dateOfBirth": null,
          "gender": null,
          "phoneNumber": null,
          "emailAddress": "PHGVWF@test.com",
          "streetAddress": "JamesBlack II",
          "streetAddressLine2": null,
          "city": "SCHAUMBERG",
          "state": "IL",
          "zip": "60010",
          "beginDate": "2011-09-01 00:00:00.0",
          "driversLicenseNumber": null,
          "prefLanguageCode": "EN",
          "prefLanguageDescription": "English",
          "medicalprovider": []
        },
        "line": [
          {
            "lineId": "2FE3AFBC6717DEB7",
            "handlingStatus": "Open",
            "lineType": "Property Damage Liability",
            "lineTypeCode": "NBB21",
            "lineCategory": null,
            "lineCategoryDescription": null,
            "financialStatus": "Open",
            "legacyCoverageCode": "BB",
            "coverageHandlingCode": "UL",
            "coverageHandlingDescription": "Unclear Liability",
            "pariticipantId": "F1C8DDD79118821E",
            "claimantRoleId": "B78C90F8740F9C36",
            "medicalEligibleInd": null,
            "eligibleInjuredPartyInd": null,
            "ormIndicator": null,
            "subrogation": {
              "subroInd": null,
              "subroStatusCode": null,
              "subroStatusDescription": null,
              "salvageStatusCode": null,
              "salvageStatusDescription": null
            },
            "siuStatus": {
              "siuStatusCode": null,
              "siuStatusDescription": null
            }
          }
        ],
        "involvementRole": [
          {
            "insInvolvedId": "F1C8DDD79118821E",
            "involvementRole": "CMT",
            "involvementRoleDescription": "Claimant",
            "involvementRoleAssociations": []
          },
          {
            "insInvolvedId": "F1C8DDD79118821E",
            "involvementRole": "DRVR",
            "involvementRoleDescription": "Driver",
            "involvementRoleAssociations": []
          },
          {
            "insInvolvedId": "F1C8DDD79118821E",
            "involvementRole": "OWNR",
            "involvementRoleDescription": "Owner",
            "involvementRoleAssociations": []
          }
        ],
        "liabilities": [
          {
            "liabilityAffectedParty": "0A408B5632A89C8F",
            "liabilityStatusCode": "01",
            "liabilityStatusDesc": "Open",
            "liabilityRangeBeginPercent": "0",
            "liabilityRangeEndPercent": "0",
            "finalLiabilityPercentage": null
          }
        ],
        "deceasedCd": null,
        "dateOfDeath": null,
        "citations": []
      },
      {
        "legacyInvolvedId": "03",
        "insInvolvementId": "C430B866C854E5D8",
        "rptTaxId": null,
        "emailPrefInd": null,
        "reportedDateOfBirth": null,
        "reportedGender": null,
        "client": {
          "icsPartyId": "029091410400300",
          "hrmPartyId": "029091410400300",
          "taxID": null,
          "taxIdIndicator": "N",
          "firstName": "JOHN",
          "middleName": null,
          "lastName": "WAYNE",
          "organizationName": null,
          "dateOfBirth": null,
          "gender": null,
          "phoneNumber": null,
          "emailAddress": null,
          "streetAddress": "1781 SAINT JOHNS AVE",
          "streetAddressLine2": null,
          "city": "HIGHLAND PARK",
          "state": "IL",
          "zip": "600353532",
          "beginDate": "2016-04-13 00:00:00.0",
          "driversLicenseNumber": null,
          "prefLanguageCode": null,
          "prefLanguageDescription": null,
          "medicalprovider": []
        },
        "line": [
          {
            "lineId": "8903521FEB0F3892",
            "handlingStatus": "Open",
            "lineType": "Property Damage Liability",
            "lineTypeCode": "NBB21",
            "lineCategory": null,
            "lineCategoryDescription": null,
            "financialStatus": "Open",
            "legacyCoverageCode": "BB",
            "coverageHandlingCode": "UL",
            "coverageHandlingDescription": "Unclear Liability",
            "pariticipantId": "C430B866C854E5D8",
            "claimantRoleId": "B5A250CDBBD5B5CD",
            "medicalEligibleInd": null,
            "eligibleInjuredPartyInd": null,
            "ormIndicator": null,
            "subrogation": {
              "subroInd": null,
              "subroStatusCode": null,
              "subroStatusDescription": null,
              "salvageStatusCode": null,
              "salvageStatusDescription": null
            },
            "siuStatus": {
              "siuStatusCode": null,
              "siuStatusDescription": null
            }
          }
        ],
        "involvementRole": [
          {
            "insInvolvedId": "C430B866C854E5D8",
            "involvementRole": "DRVR",
            "involvementRoleDescription": "Driver",
            "involvementRoleAssociations": []
          },
          {
            "insInvolvedId": "C430B866C854E5D8",
            "involvementRole": "CMT",
            "involvementRoleDescription": "Claimant",
            "involvementRoleAssociations": []
          },
          {
            "insInvolvedId": "C430B866C854E5D8",
            "involvementRole": "OWNR",
            "involvementRoleDescription": "Owner",
            "involvementRoleAssociations": []
          }
        ],
        "liabilities": [
          {
            "liabilityAffectedParty": "0A408B5632A89C8F",
            "liabilityStatusCode": "01",
            "liabilityStatusDesc": "Open",
            "liabilityRangeBeginPercent": "0",
            "liabilityRangeEndPercent": "0",
            "finalLiabilityPercentage": null
          }
        ],
        "deceasedCd": null,
        "dateOfDeath": null,
        "citations": []
      }
    ]
  }
}